"location","item","indicator","measure","Unit","Date","Value"
"Nigeria","Fruit","Composite Consumer Price Index","Index, Nov 2009 = 100","Index, Nov 2009 = 100","2009M12",103.71
"Nigeria","Fruit","Composite Consumer Price Index","Index, Nov 2009 = 100","Index, Nov 2009 = 100","2010M1",104.31
"Nigeria","Fruit","Composite Consumer Price Index","Index, Nov 2009 = 100","Index, Nov 2009 = 100","2010M2",106.47
"Nigeria","Fruit","Composite Consumer Price Index","Index, Nov 2009 = 100","Index, Nov 2009 = 100","2010M3",105.95
"Nigeria","Fruit","Composite Consumer Price Index","Index, Nov 2009 = 100","Index, Nov 2009 = 100","2010M4",107.18
"Nigeria","Fruit","Composite Consumer Price Index","Index, Nov 2009 = 100","Index, Nov 2009 = 100","2010M5",109.56
"Nigeria","Fruit","Composite Consumer Price Index","Index, Nov 2009 = 100","Index, Nov 2009 = 100","2010M6",109.19
"Nigeria","Fruit","Composite Consumer Price Index","Index, Nov 2009 = 100","Index, Nov 2009 = 100","2010M7",111.69
"Nigeria","Fruit","Composite Consumer Price Index","Index, Nov 2009 = 100","Index, Nov 2009 = 100","2010M8",113.82
"Nigeria","Fruit","Composite Consumer Price Index","Index, Nov 2009 = 100","Index, Nov 2009 = 100","2010M9",115.8
"Nigeria","Fruit","Composite Consumer Price Index","Index, Nov 2009 = 100","Index, Nov 2009 = 100","2010M10",114.375314094686
"Nigeria","Fruit","Composite Consumer Price Index","Index, Nov 2009 = 100","Index, Nov 2009 = 100","2010M11",111.22310618309
"Nigeria","Fruit","Composite Consumer Price Index","Index, Nov 2009 = 100","Index, Nov 2009 = 100","2010M12",112.638760346061
"Nigeria","Fruit","Composite Consumer Price Index","Index, Nov 2009 = 100","Index, Nov 2009 = 100","2011M1",112.536703626531
"Nigeria","Fruit","Composite Consumer Price Index","Index, Nov 2009 = 100","Index, Nov 2009 = 100","2011M2",113.093459794644
"Nigeria","Fruit","Composite Consumer Price Index","Index, Nov 2009 = 100","Index, Nov 2009 = 100","2011M3",113.831064081343
"Nigeria","Fruit","Composite Consumer Price Index","Index, Nov 2009 = 100","Index, Nov 2009 = 100","2011M4",114.843196895803
"Nigeria","Fruit","Composite Consumer Price Index","Index, Nov 2009 = 100","Index, Nov 2009 = 100","2011M5",114.999389933002
"Nigeria","Fruit","Composite Consumer Price Index","Index, Nov 2009 = 100","Index, Nov 2009 = 100","2011M6",115.229194524325
"Nigeria","Fruit","Composite Consumer Price Index","Index, Nov 2009 = 100","Index, Nov 2009 = 100","2011M7",115.377200715894
"Nigeria","Fruit","Composite Consumer Price Index","Index, Nov 2009 = 100","Index, Nov 2009 = 100","2011M8",119.480831306569
"Nigeria","Fruit","Composite Consumer Price Index","Index, Nov 2009 = 100","Index, Nov 2009 = 100","2011M9",119.641511136959
"Nigeria","Fruit","Composite Consumer Price Index","Index, Nov 2009 = 100","Index, Nov 2009 = 100","2011M10",120.618292314634
"Nigeria","Fruit","Composite Consumer Price Index","Index, Nov 2009 = 100","Index, Nov 2009 = 100","2011M11",121.121183860824
"Nigeria","Fruit","Composite Consumer Price Index","Index, Nov 2009 = 100","Index, Nov 2009 = 100","2011M12",124.622957738313
"Nigeria","Fruit","Composite Consumer Price Index","Index, Nov 2009 = 100","Index, Nov 2009 = 100","2012M1",125.30653430439
"Nigeria","Fruit","Composite Consumer Price Index","Index, Nov 2009 = 100","Index, Nov 2009 = 100","2012M2",125.314597909689
"Nigeria","Fruit","Composite Consumer Price Index","Index, Nov 2009 = 100","Index, Nov 2009 = 100","2012M3",127.113898027014
"Nigeria","Fruit","Composite Consumer Price Index","Index, Nov 2009 = 100","Index, Nov 2009 = 100","2012M4",127.604007973031
"Nigeria","Fruit","Composite Consumer Price Index","Index, Nov 2009 = 100","Index, Nov 2009 = 100","2012M5",128.01
"Nigeria","Fruit","Composite Consumer Price Index","Index, Nov 2009 = 100","Index, Nov 2009 = 100","2012M6",128.169712497897
"Nigeria","Fruit","Composite Consumer Price Index","Index, Nov 2009 = 100","Index, Nov 2009 = 100","2012M7",128.861087702612
"Nigeria","Fruit","Composite Consumer Price Index","Index, Nov 2009 = 100","Index, Nov 2009 = 100","2012M8",129.826650558926
"Nigeria","Fruit","Composite Consumer Price Index","Index, Nov 2009 = 100","Index, Nov 2009 = 100","2012M9",131.45
"Nigeria","Fruit","Composite Consumer Price Index","Index, Nov 2009 = 100","Index, Nov 2009 = 100","2012M10",132.22226261791
"Nigeria","Fruit","Composite Consumer Price Index","Index, Nov 2009 = 100","Index, Nov 2009 = 100","2012M11",133.701810851374
"Nigeria","Fruit","Composite Consumer Price Index","Index, Nov 2009 = 100","Index, Nov 2009 = 100","2012M12",135.742117063827
"Nigeria","Fruit","Composite Consumer Price Index","Index, Nov 2009 = 100","Index, Nov 2009 = 100","2013M1",136.790575987901
"Nigeria","Fruit","Composite Consumer Price Index","Index, Nov 2009 = 100","Index, Nov 2009 = 100","2013M2",137.501992647032
"Nigeria","Fruit","Composite Consumer Price Index","Index, Nov 2009 = 100","Index, Nov 2009 = 100","2013M3",138.766529642551
"Nigeria","Fruit","Composite Consumer Price Index","Index, Nov 2009 = 100","Index, Nov 2009 = 100","2013M4",139.567295380632
"Nigeria","Fruit","Composite Consumer Price Index","Index, Nov 2009 = 100","Index, Nov 2009 = 100","2013M5",140.347838647142
"Nigeria","Fruit","Composite Consumer Price Index","Index, Nov 2009 = 100","Index, Nov 2009 = 100","2013M6",141.542944329995
"Nigeria","Fruit","Composite Consumer Price Index","Index, Nov 2009 = 100","Index, Nov 2009 = 100","2013M7",142.208738477748
"Nigeria","Fruit","Composite Consumer Price Index","Index, Nov 2009 = 100","Index, Nov 2009 = 100","2013M8",142.976415494631
"Nigeria","Fruit","Composite Consumer Price Index","Index, Nov 2009 = 100","Index, Nov 2009 = 100","2013M9",144.052884959502
"Nigeria","Fruit","Composite Consumer Price Index","Index, Nov 2009 = 100","Index, Nov 2009 = 100","2013M10",145.281609188037
"Nigeria","Fruit","Composite Consumer Price Index","Index, Nov 2009 = 100","Index, Nov 2009 = 100","2013M11",146.289116938803
"Nigeria","Fruit","Composite Consumer Price Index","Index, Nov 2009 = 100","Index, Nov 2009 = 100","2013M12",147.555164155858
"Nigeria","Fruit","Composite Consumer Price Index","Index, Nov 2009 = 100","Index, Nov 2009 = 100","2014M1",148.919175549183
"Nigeria","Fruit","Composite Consumer Price Index","Index, Nov 2009 = 100","Index, Nov 2009 = 100","2014M2",149.588365249745
"Nigeria","Fruit","Composite Consumer Price Index","Index, Nov 2009 = 100","Index, Nov 2009 = 100","2014M3",151.136945994915
"Nigeria","Fruit","Composite Consumer Price Index","Index, Nov 2009 = 100","Index, Nov 2009 = 100","2014M4",152.084284982655
"Nigeria","Fruit","Composite Consumer Price Index","Index, Nov 2009 = 100","Index, Nov 2009 = 100","2014M5",153.323960274858
"Nigeria","Fruit","Composite Consumer Price Index","Index, Nov 2009 = 100","Index, Nov 2009 = 100","2014M6",154.382142500094
"Nigeria","Fruit","Composite Consumer Price Index","Index, Nov 2009 = 100","Index, Nov 2009 = 100","2014M7",155.887613376499
"Nigeria","Fruit","Composite Consumer Price Index","Index, Nov 2009 = 100","Index, Nov 2009 = 100","2014M8",156.936618775799
"Nigeria","Fruit","Composite Consumer Price Index","Index, Nov 2009 = 100","Index, Nov 2009 = 100","2014M9",157.902915589883
"Nigeria","Fruit","Composite Consumer Price Index","Index, Nov 2009 = 100","Index, Nov 2009 = 100","2014M10",158.715299621877
"Nigeria","Fruit","Composite Consumer Price Index","Index, Nov 2009 = 100","Index, Nov 2009 = 100","2014M11",159.804966193501
"Nigeria","Fruit","Composite Consumer Price Index","Index, Nov 2009 = 100","Index, Nov 2009 = 100","2014M12",161.149180978595
"Nigeria","Fruit","Composite Consumer Price Index","Index, Nov 2009 = 100","Index, Nov 2009 = 100","2015M1",162.404646816253
"Nigeria","Fruit","Composite Consumer Price Index","Index, Nov 2009 = 100","Index, Nov 2009 = 100","2015M2",163.5431224513
"Nigeria","Fruit","Composite Consumer Price Index","Index, Nov 2009 = 100","Index, Nov 2009 = 100","2015M3",165.602980716128
"Nigeria","Fruit","Composite Consumer Price Index","Index, Nov 2009 = 100","Index, Nov 2009 = 100","2015M4",166.96613924571
"Nigeria","Fruit","Composite Consumer Price Index","Index, Nov 2009 = 100","Index, Nov 2009 = 100","2015M5",168.676056827796
"Nigeria","Fruit","Composite Consumer Price Index","Index, Nov 2009 = 100","Index, Nov 2009 = 100","2015M6",170.048179173947
"Nigeria","Fruit","Composite Consumer Price Index","Index, Nov 2009 = 100","Index, Nov 2009 = 100","2015M7",171.388747552509
"Nigeria","Fruit","Composite Consumer Price Index","Index, Nov 2009 = 100","Index, Nov 2009 = 100","2015M8",172.086778864659
"Nigeria","Fruit","Composite Consumer Price Index","Index, Nov 2009 = 100","Index, Nov 2009 = 100","2015M9",173.012292219778
"Nigeria","Fruit","Composite Consumer Price Index","Index, Nov 2009 = 100","Index, Nov 2009 = 100","2015M10",173.910812697705
"Nigeria","Fruit","Composite Consumer Price Index","Index, Nov 2009 = 100","Index, Nov 2009 = 100","2015M11",174.993861277459
"Nigeria","Fruit","Composite Consumer Price Index","Index, Nov 2009 = 100","Index, Nov 2009 = 100","2015M12",176.952781326581
"Nigeria","Fruit","Composite Consumer Price Index","Index, Nov 2009 = 100","Index, Nov 2009 = 100","2016M1",178.173750469568
"Nigeria","Fruit","Composite Consumer Price Index","Index, Nov 2009 = 100","Index, Nov 2009 = 100","2016M2",179.462656611279
"Nigeria","Fruit","Composite Consumer Price Index","Index, Nov 2009 = 100","Index, Nov 2009 = 100","2016M3",182.986654194864
"Nigeria","Fruit","Composite Consumer Price Index","Index, Nov 2009 = 100","Index, Nov 2009 = 100","2016M4",184.37616984025
"Nigeria","Fruit","Composite Consumer Price Index","Index, Nov 2009 = 100","Index, Nov 2009 = 100","2016M5",187.704850557319
"Nigeria","Fruit","Composite Consumer Price Index","Index, Nov 2009 = 100","Index, Nov 2009 = 100","2016M6",190.674019839104
"Nigeria","Fruit","Composite Consumer Price Index","Index, Nov 2009 = 100","Index, Nov 2009 = 100","2016M7",191.565336943741
"Nigeria","Fruit","Composite Consumer Price Index","Index, Nov 2009 = 100","Index, Nov 2009 = 100","2016M8",192.406818037794
"Nigeria","Fruit","Composite Consumer Price Index","Index, Nov 2009 = 100","Index, Nov 2009 = 100","2016M9",193.160971425533
"Nigeria","Fruit","Composite Consumer Price Index","Index, Nov 2009 = 100","Index, Nov 2009 = 100","2016M10",193.939704985809
"Nigeria","Vegetables","Composite Consumer Price Index","Index, Nov 2009 = 100","Index, Nov 2009 = 100","2009M12",104.38
"Nigeria","Vegetables","Composite Consumer Price Index","Index, Nov 2009 = 100","Index, Nov 2009 = 100","2010M1",106.45
"Nigeria","Vegetables","Composite Consumer Price Index","Index, Nov 2009 = 100","Index, Nov 2009 = 100","2010M2",109.95
"Nigeria","Vegetables","Composite Consumer Price Index","Index, Nov 2009 = 100","Index, Nov 2009 = 100","2010M3",109.32
"Nigeria","Vegetables","Composite Consumer Price Index","Index, Nov 2009 = 100","Index, Nov 2009 = 100","2010M4",111.37
"Nigeria","Vegetables","Composite Consumer Price Index","Index, Nov 2009 = 100","Index, Nov 2009 = 100","2010M5",111.18
"Nigeria","Vegetables","Composite Consumer Price Index","Index, Nov 2009 = 100","Index, Nov 2009 = 100","2010M6",113.07
"Nigeria","Vegetables","Composite Consumer Price Index","Index, Nov 2009 = 100","Index, Nov 2009 = 100","2010M7",116.85
"Nigeria","Vegetables","Composite Consumer Price Index","Index, Nov 2009 = 100","Index, Nov 2009 = 100","2010M8",119.65
"Nigeria","Vegetables","Composite Consumer Price Index","Index, Nov 2009 = 100","Index, Nov 2009 = 100","2010M9",117.19
"Nigeria","Vegetables","Composite Consumer Price Index","Index, Nov 2009 = 100","Index, Nov 2009 = 100","2010M10",118.990902556279
"Nigeria","Vegetables","Composite Consumer Price Index","Index, Nov 2009 = 100","Index, Nov 2009 = 100","2010M11",118.899973823014
"Nigeria","Vegetables","Composite Consumer Price Index","Index, Nov 2009 = 100","Index, Nov 2009 = 100","2010M12",119.374750927483
"Nigeria","Vegetables","Composite Consumer Price Index","Index, Nov 2009 = 100","Index, Nov 2009 = 100","2011M1",119.717611689462
"Nigeria","Vegetables","Composite Consumer Price Index","Index, Nov 2009 = 100","Index, Nov 2009 = 100","2011M2",120.90994154698
"Nigeria","Vegetables","Composite Consumer Price Index","Index, Nov 2009 = 100","Index, Nov 2009 = 100","2011M3",121.375084505336
"Nigeria","Vegetables","Composite Consumer Price Index","Index, Nov 2009 = 100","Index, Nov 2009 = 100","2011M4",122.075676608478
"Nigeria","Vegetables","Composite Consumer Price Index","Index, Nov 2009 = 100","Index, Nov 2009 = 100","2011M5",122.452641950305
"Nigeria","Vegetables","Composite Consumer Price Index","Index, Nov 2009 = 100","Index, Nov 2009 = 100","2011M6",123.093538438634
"Nigeria","Vegetables","Composite Consumer Price Index","Index, Nov 2009 = 100","Index, Nov 2009 = 100","2011M7",123.339322624387
"Nigeria","Vegetables","Composite Consumer Price Index","Index, Nov 2009 = 100","Index, Nov 2009 = 100","2011M8",125.315830650444
"Nigeria","Vegetables","Composite Consumer Price Index","Index, Nov 2009 = 100","Index, Nov 2009 = 100","2011M9",125.818612609714
"Nigeria","Vegetables","Composite Consumer Price Index","Index, Nov 2009 = 100","Index, Nov 2009 = 100","2011M10",126.947992704646
"Nigeria","Vegetables","Composite Consumer Price Index","Index, Nov 2009 = 100","Index, Nov 2009 = 100","2011M11",128.357494560268
"Nigeria","Vegetables","Composite Consumer Price Index","Index, Nov 2009 = 100","Index, Nov 2009 = 100","2011M12",132.338999755817
"Nigeria","Vegetables","Composite Consumer Price Index","Index, Nov 2009 = 100","Index, Nov 2009 = 100","2012M1",133.088985854154
"Nigeria","Vegetables","Composite Consumer Price Index","Index, Nov 2009 = 100","Index, Nov 2009 = 100","2012M2",133.109235636438
"Nigeria","Vegetables","Composite Consumer Price Index","Index, Nov 2009 = 100","Index, Nov 2009 = 100","2012M3",137.613219038924
"Nigeria","Vegetables","Composite Consumer Price Index","Index, Nov 2009 = 100","Index, Nov 2009 = 100","2012M4",137.905870627051
"Nigeria","Vegetables","Composite Consumer Price Index","Index, Nov 2009 = 100","Index, Nov 2009 = 100","2012M5",141.3
"Nigeria","Vegetables","Composite Consumer Price Index","Index, Nov 2009 = 100","Index, Nov 2009 = 100","2012M6",141.250337034757
"Nigeria","Vegetables","Composite Consumer Price Index","Index, Nov 2009 = 100","Index, Nov 2009 = 100","2012M7",141.935051431139
"Nigeria","Vegetables","Composite Consumer Price Index","Index, Nov 2009 = 100","Index, Nov 2009 = 100","2012M8",142.768981742767
"Nigeria","Vegetables","Composite Consumer Price Index","Index, Nov 2009 = 100","Index, Nov 2009 = 100","2012M9",144.29
"Nigeria","Vegetables","Composite Consumer Price Index","Index, Nov 2009 = 100","Index, Nov 2009 = 100","2012M10",145.261539558754
"Nigeria","Vegetables","Composite Consumer Price Index","Index, Nov 2009 = 100","Index, Nov 2009 = 100","2012M11",147.085905829899
"Nigeria","Vegetables","Composite Consumer Price Index","Index, Nov 2009 = 100","Index, Nov 2009 = 100","2012M12",148.889044661423
"Nigeria","Vegetables","Composite Consumer Price Index","Index, Nov 2009 = 100","Index, Nov 2009 = 100","2013M1",151.032786760393
"Nigeria","Vegetables","Composite Consumer Price Index","Index, Nov 2009 = 100","Index, Nov 2009 = 100","2013M2",152.078949490216
"Nigeria","Vegetables","Composite Consumer Price Index","Index, Nov 2009 = 100","Index, Nov 2009 = 100","2013M3",153.748596152222
"Nigeria","Vegetables","Composite Consumer Price Index","Index, Nov 2009 = 100","Index, Nov 2009 = 100","2013M4",154.69879303092
"Nigeria","Vegetables","Composite Consumer Price Index","Index, Nov 2009 = 100","Index, Nov 2009 = 100","2013M5",155.326204403333
"Nigeria","Vegetables","Composite Consumer Price Index","Index, Nov 2009 = 100","Index, Nov 2009 = 100","2013M6",156.565503866956
"Nigeria","Vegetables","Composite Consumer Price Index","Index, Nov 2009 = 100","Index, Nov 2009 = 100","2013M7",157.657723263737
"Nigeria","Vegetables","Composite Consumer Price Index","Index, Nov 2009 = 100","Index, Nov 2009 = 100","2013M8",158.342006631672
"Nigeria","Vegetables","Composite Consumer Price Index","Index, Nov 2009 = 100","Index, Nov 2009 = 100","2013M9",159.41771841265
"Nigeria","Vegetables","Composite Consumer Price Index","Index, Nov 2009 = 100","Index, Nov 2009 = 100","2013M10",160.760818558016
"Nigeria","Vegetables","Composite Consumer Price Index","Index, Nov 2009 = 100","Index, Nov 2009 = 100","2013M11",161.833805749025
"Nigeria","Vegetables","Composite Consumer Price Index","Index, Nov 2009 = 100","Index, Nov 2009 = 100","2013M12",163.033901277893
"Nigeria","Vegetables","Composite Consumer Price Index","Index, Nov 2009 = 100","Index, Nov 2009 = 100","2014M1",164.568868560313
"Nigeria","Vegetables","Composite Consumer Price Index","Index, Nov 2009 = 100","Index, Nov 2009 = 100","2014M2",165.414586967862
"Nigeria","Vegetables","Composite Consumer Price Index","Index, Nov 2009 = 100","Index, Nov 2009 = 100","2014M3",167.06468360516
"Nigeria","Vegetables","Composite Consumer Price Index","Index, Nov 2009 = 100","Index, Nov 2009 = 100","2014M4",167.857097357474
"Nigeria","Vegetables","Composite Consumer Price Index","Index, Nov 2009 = 100","Index, Nov 2009 = 100","2014M5",169.066719175302
"Nigeria","Vegetables","Composite Consumer Price Index","Index, Nov 2009 = 100","Index, Nov 2009 = 100","2014M6",170.191067122143
"Nigeria","Vegetables","Composite Consumer Price Index","Index, Nov 2009 = 100","Index, Nov 2009 = 100","2014M7",171.393794161423
"Nigeria","Vegetables","Composite Consumer Price Index","Index, Nov 2009 = 100","Index, Nov 2009 = 100","2014M8",172.293292101846
"Nigeria","Vegetables","Composite Consumer Price Index","Index, Nov 2009 = 100","Index, Nov 2009 = 100","2014M9",173.219529178582
"Nigeria","Vegetables","Composite Consumer Price Index","Index, Nov 2009 = 100","Index, Nov 2009 = 100","2014M10",173.943104916211
"Nigeria","Vegetables","Composite Consumer Price Index","Index, Nov 2009 = 100","Index, Nov 2009 = 100","2014M11",175.116433313075
"Nigeria","Vegetables","Composite Consumer Price Index","Index, Nov 2009 = 100","Index, Nov 2009 = 100","2014M12",176.620611197907
"Nigeria","Vegetables","Composite Consumer Price Index","Index, Nov 2009 = 100","Index, Nov 2009 = 100","2015M1",178.574513187496
"Nigeria","Vegetables","Composite Consumer Price Index","Index, Nov 2009 = 100","Index, Nov 2009 = 100","2015M2",180.007219498559
"Nigeria","Vegetables","Composite Consumer Price Index","Index, Nov 2009 = 100","Index, Nov 2009 = 100","2015M3",181.848245169624
"Nigeria","Vegetables","Composite Consumer Price Index","Index, Nov 2009 = 100","Index, Nov 2009 = 100","2015M4",183.176866642701
"Nigeria","Vegetables","Composite Consumer Price Index","Index, Nov 2009 = 100","Index, Nov 2009 = 100","2015M5",185.147185154177
"Nigeria","Vegetables","Composite Consumer Price Index","Index, Nov 2009 = 100","Index, Nov 2009 = 100","2015M6",188.028551228082
"Nigeria","Vegetables","Composite Consumer Price Index","Index, Nov 2009 = 100","Index, Nov 2009 = 100","2015M7",189.353192373469
"Nigeria","Vegetables","Composite Consumer Price Index","Index, Nov 2009 = 100","Index, Nov 2009 = 100","2015M8",189.912648446957
"Nigeria","Vegetables","Composite Consumer Price Index","Index, Nov 2009 = 100","Index, Nov 2009 = 100","2015M9",190.800274965414
"Nigeria","Vegetables","Composite Consumer Price Index","Index, Nov 2009 = 100","Index, Nov 2009 = 100","2015M10",191.982871606818
"Nigeria","Vegetables","Composite Consumer Price Index","Index, Nov 2009 = 100","Index, Nov 2009 = 100","2015M11",193.463638229111
"Nigeria","Vegetables","Composite Consumer Price Index","Index, Nov 2009 = 100","Index, Nov 2009 = 100","2015M12",197.119472057594
"Nigeria","Vegetables","Composite Consumer Price Index","Index, Nov 2009 = 100","Index, Nov 2009 = 100","2016M1",198.934320350623
"Nigeria","Vegetables","Composite Consumer Price Index","Index, Nov 2009 = 100","Index, Nov 2009 = 100","2016M2",201.504327094359
"Nigeria","Vegetables","Composite Consumer Price Index","Index, Nov 2009 = 100","Index, Nov 2009 = 100","2016M3",205.872103701767
"Nigeria","Vegetables","Composite Consumer Price Index","Index, Nov 2009 = 100","Index, Nov 2009 = 100","2016M4",207.803156758397
"Nigeria","Vegetables","Composite Consumer Price Index","Index, Nov 2009 = 100","Index, Nov 2009 = 100","2016M5",213.352963983201
"Nigeria","Vegetables","Composite Consumer Price Index","Index, Nov 2009 = 100","Index, Nov 2009 = 100","2016M6",214.741028943072
"Nigeria","Vegetables","Composite Consumer Price Index","Index, Nov 2009 = 100","Index, Nov 2009 = 100","2016M7",216.767549060575
"Nigeria","Vegetables","Composite Consumer Price Index","Index, Nov 2009 = 100","Index, Nov 2009 = 100","2016M8",218.553830631212
"Nigeria","Vegetables","Composite Consumer Price Index","Index, Nov 2009 = 100","Index, Nov 2009 = 100","2016M9",220.239940246323
"Nigeria","Vegetables","Composite Consumer Price Index","Index, Nov 2009 = 100","Index, Nov 2009 = 100","2016M10",222.297791402728
"Nigeria","Potatoes,Yam & Other Tubers","Composite Consumer Price Index","Index, Nov 2009 = 100","Index, Nov 2009 = 100","2009M12",105.94257659227
"Nigeria","Potatoes,Yam & Other Tubers","Composite Consumer Price Index","Index, Nov 2009 = 100","Index, Nov 2009 = 100","2010M1",110.486154076206
"Nigeria","Potatoes,Yam & Other Tubers","Composite Consumer Price Index","Index, Nov 2009 = 100","Index, Nov 2009 = 100","2010M2",109.940817454282
"Nigeria","Potatoes,Yam & Other Tubers","Composite Consumer Price Index","Index, Nov 2009 = 100","Index, Nov 2009 = 100","2010M3",109.290431356683
"Nigeria","Potatoes,Yam & Other Tubers","Composite Consumer Price Index","Index, Nov 2009 = 100","Index, Nov 2009 = 100","2010M4",110.679725646001
"Nigeria","Potatoes,Yam & Other Tubers","Composite Consumer Price Index","Index, Nov 2009 = 100","Index, Nov 2009 = 100","2010M5",109.555493106853
"Nigeria","Potatoes,Yam & Other Tubers","Composite Consumer Price Index","Index, Nov 2009 = 100","Index, Nov 2009 = 100","2010M6",111.91
"Nigeria","Potatoes,Yam & Other Tubers","Composite Consumer Price Index","Index, Nov 2009 = 100","Index, Nov 2009 = 100","2010M7",117.536236293681
"Nigeria","Potatoes,Yam & Other Tubers","Composite Consumer Price Index","Index, Nov 2009 = 100","Index, Nov 2009 = 100","2010M8",117.13
"Nigeria","Potatoes,Yam & Other Tubers","Composite Consumer Price Index","Index, Nov 2009 = 100","Index, Nov 2009 = 100","2010M9",117.47
"Nigeria","Potatoes,Yam & Other Tubers","Composite Consumer Price Index","Index, Nov 2009 = 100","Index, Nov 2009 = 100","2010M10",110.071283195133
"Nigeria","Potatoes,Yam & Other Tubers","Composite Consumer Price Index","Index, Nov 2009 = 100","Index, Nov 2009 = 100","2010M11",113.640329904669
"Nigeria","Potatoes,Yam & Other Tubers","Composite Consumer Price Index","Index, Nov 2009 = 100","Index, Nov 2009 = 100","2010M12",114.212730113802
"Nigeria","Potatoes,Yam & Other Tubers","Composite Consumer Price Index","Index, Nov 2009 = 100","Index, Nov 2009 = 100","2011M1",114.841572677771
"Nigeria","Potatoes,Yam & Other Tubers","Composite Consumer Price Index","Index, Nov 2009 = 100","Index, Nov 2009 = 100","2011M2",119.397567253778
"Nigeria","Potatoes,Yam & Other Tubers","Composite Consumer Price Index","Index, Nov 2009 = 100","Index, Nov 2009 = 100","2011M3",119.75283120921
"Nigeria","Potatoes,Yam & Other Tubers","Composite Consumer Price Index","Index, Nov 2009 = 100","Index, Nov 2009 = 100","2011M4",120.714361326289
"Nigeria","Potatoes,Yam & Other Tubers","Composite Consumer Price Index","Index, Nov 2009 = 100","Index, Nov 2009 = 100","2011M5",121.548606928095
"Nigeria","Potatoes,Yam & Other Tubers","Composite Consumer Price Index","Index, Nov 2009 = 100","Index, Nov 2009 = 100","2011M6",121.964890577792
"Nigeria","Potatoes,Yam & Other Tubers","Composite Consumer Price Index","Index, Nov 2009 = 100","Index, Nov 2009 = 100","2011M7",122.248197111545
"Nigeria","Potatoes,Yam & Other Tubers","Composite Consumer Price Index","Index, Nov 2009 = 100","Index, Nov 2009 = 100","2011M8",126.447339844763
"Nigeria","Potatoes,Yam & Other Tubers","Composite Consumer Price Index","Index, Nov 2009 = 100","Index, Nov 2009 = 100","2011M9",126.729478540173
"Nigeria","Potatoes,Yam & Other Tubers","Composite Consumer Price Index","Index, Nov 2009 = 100","Index, Nov 2009 = 100","2011M10",127.266145218003
"Nigeria","Potatoes,Yam & Other Tubers","Composite Consumer Price Index","Index, Nov 2009 = 100","Index, Nov 2009 = 100","2011M11",127.887282280922
"Nigeria","Potatoes,Yam & Other Tubers","Composite Consumer Price Index","Index, Nov 2009 = 100","Index, Nov 2009 = 100","2011M12",132.982096807166
"Nigeria","Potatoes,Yam & Other Tubers","Composite Consumer Price Index","Index, Nov 2009 = 100","Index, Nov 2009 = 100","2012M1",134.045699607777
"Nigeria","Potatoes,Yam & Other Tubers","Composite Consumer Price Index","Index, Nov 2009 = 100","Index, Nov 2009 = 100","2012M2",134.068579798391
"Nigeria","Potatoes,Yam & Other Tubers","Composite Consumer Price Index","Index, Nov 2009 = 100","Index, Nov 2009 = 100","2012M3",137.824494072752
"Nigeria","Potatoes,Yam & Other Tubers","Composite Consumer Price Index","Index, Nov 2009 = 100","Index, Nov 2009 = 100","2012M4",138.158637188278
"Nigeria","Potatoes,Yam & Other Tubers","Composite Consumer Price Index","Index, Nov 2009 = 100","Index, Nov 2009 = 100","2012M5",140.51
"Nigeria","Potatoes,Yam & Other Tubers","Composite Consumer Price Index","Index, Nov 2009 = 100","Index, Nov 2009 = 100","2012M6",141.266712842521
"Nigeria","Potatoes,Yam & Other Tubers","Composite Consumer Price Index","Index, Nov 2009 = 100","Index, Nov 2009 = 100","2012M7",141.043137750618
"Nigeria","Potatoes,Yam & Other Tubers","Composite Consumer Price Index","Index, Nov 2009 = 100","Index, Nov 2009 = 100","2012M8",141.4289570468
"Nigeria","Potatoes,Yam & Other Tubers","Composite Consumer Price Index","Index, Nov 2009 = 100","Index, Nov 2009 = 100","2012M9",143.33
"Nigeria","Potatoes,Yam & Other Tubers","Composite Consumer Price Index","Index, Nov 2009 = 100","Index, Nov 2009 = 100","2012M10",144.496566490604
"Nigeria","Potatoes,Yam & Other Tubers","Composite Consumer Price Index","Index, Nov 2009 = 100","Index, Nov 2009 = 100","2012M11",145.295987437342
"Nigeria","Potatoes,Yam & Other Tubers","Composite Consumer Price Index","Index, Nov 2009 = 100","Index, Nov 2009 = 100","2012M12",146.576390403785
"Nigeria","Potatoes,Yam & Other Tubers","Composite Consumer Price Index","Index, Nov 2009 = 100","Index, Nov 2009 = 100","2013M1",147.844895600069
"Nigeria","Potatoes,Yam & Other Tubers","Composite Consumer Price Index","Index, Nov 2009 = 100","Index, Nov 2009 = 100","2013M2",148.699471632763
"Nigeria","Potatoes,Yam & Other Tubers","Composite Consumer Price Index","Index, Nov 2009 = 100","Index, Nov 2009 = 100","2013M3",150.598057420612
"Nigeria","Potatoes,Yam & Other Tubers","Composite Consumer Price Index","Index, Nov 2009 = 100","Index, Nov 2009 = 100","2013M4",151.886054005199
"Nigeria","Potatoes,Yam & Other Tubers","Composite Consumer Price Index","Index, Nov 2009 = 100","Index, Nov 2009 = 100","2013M5",152.906445880185
"Nigeria","Potatoes,Yam & Other Tubers","Composite Consumer Price Index","Index, Nov 2009 = 100","Index, Nov 2009 = 100","2013M6",154.010075440171
"Nigeria","Potatoes,Yam & Other Tubers","Composite Consumer Price Index","Index, Nov 2009 = 100","Index, Nov 2009 = 100","2013M7",155.146887280767
"Nigeria","Potatoes,Yam & Other Tubers","Composite Consumer Price Index","Index, Nov 2009 = 100","Index, Nov 2009 = 100","2013M8",155.632120658718
"Nigeria","Potatoes,Yam & Other Tubers","Composite Consumer Price Index","Index, Nov 2009 = 100","Index, Nov 2009 = 100","2013M9",157.018185578479
"Nigeria","Potatoes,Yam & Other Tubers","Composite Consumer Price Index","Index, Nov 2009 = 100","Index, Nov 2009 = 100","2013M10",158.296719377923
"Nigeria","Potatoes,Yam & Other Tubers","Composite Consumer Price Index","Index, Nov 2009 = 100","Index, Nov 2009 = 100","2013M11",159.445236117891
"Nigeria","Potatoes,Yam & Other Tubers","Composite Consumer Price Index","Index, Nov 2009 = 100","Index, Nov 2009 = 100","2013M12",160.558475243299
"Nigeria","Potatoes,Yam & Other Tubers","Composite Consumer Price Index","Index, Nov 2009 = 100","Index, Nov 2009 = 100","2014M1",161.965931973097
"Nigeria","Potatoes,Yam & Other Tubers","Composite Consumer Price Index","Index, Nov 2009 = 100","Index, Nov 2009 = 100","2014M2",162.623668495168
"Nigeria","Potatoes,Yam & Other Tubers","Composite Consumer Price Index","Index, Nov 2009 = 100","Index, Nov 2009 = 100","2014M3",164.295041162229
"Nigeria","Potatoes,Yam & Other Tubers","Composite Consumer Price Index","Index, Nov 2009 = 100","Index, Nov 2009 = 100","2014M4",165.282906053405
"Nigeria","Potatoes,Yam & Other Tubers","Composite Consumer Price Index","Index, Nov 2009 = 100","Index, Nov 2009 = 100","2014M5",166.36440540925
"Nigeria","Potatoes,Yam & Other Tubers","Composite Consumer Price Index","Index, Nov 2009 = 100","Index, Nov 2009 = 100","2014M6",168.003737837439
"Nigeria","Potatoes,Yam & Other Tubers","Composite Consumer Price Index","Index, Nov 2009 = 100","Index, Nov 2009 = 100","2014M7",169.429517609965
"Nigeria","Potatoes,Yam & Other Tubers","Composite Consumer Price Index","Index, Nov 2009 = 100","Index, Nov 2009 = 100","2014M8",170.391479763212
"Nigeria","Potatoes,Yam & Other Tubers","Composite Consumer Price Index","Index, Nov 2009 = 100","Index, Nov 2009 = 100","2014M9",171.533086906346
"Nigeria","Potatoes,Yam & Other Tubers","Composite Consumer Price Index","Index, Nov 2009 = 100","Index, Nov 2009 = 100","2014M10",172.392884079357
"Nigeria","Potatoes,Yam & Other Tubers","Composite Consumer Price Index","Index, Nov 2009 = 100","Index, Nov 2009 = 100","2014M11",173.288158357171
"Nigeria","Potatoes,Yam & Other Tubers","Composite Consumer Price Index","Index, Nov 2009 = 100","Index, Nov 2009 = 100","2014M12",174.981531882322
"Nigeria","Potatoes,Yam & Other Tubers","Composite Consumer Price Index","Index, Nov 2009 = 100","Index, Nov 2009 = 100","2015M1",176.539121831361
"Nigeria","Potatoes,Yam & Other Tubers","Composite Consumer Price Index","Index, Nov 2009 = 100","Index, Nov 2009 = 100","2015M2",177.870853997053
"Nigeria","Potatoes,Yam & Other Tubers","Composite Consumer Price Index","Index, Nov 2009 = 100","Index, Nov 2009 = 100","2015M3",179.855905057641
"Nigeria","Potatoes,Yam & Other Tubers","Composite Consumer Price Index","Index, Nov 2009 = 100","Index, Nov 2009 = 100","2015M4",181.727137456727
"Nigeria","Potatoes,Yam & Other Tubers","Composite Consumer Price Index","Index, Nov 2009 = 100","Index, Nov 2009 = 100","2015M5",183.726538842626
"Nigeria","Potatoes,Yam & Other Tubers","Composite Consumer Price Index","Index, Nov 2009 = 100","Index, Nov 2009 = 100","2015M6",185.457195757227
"Nigeria","Potatoes,Yam & Other Tubers","Composite Consumer Price Index","Index, Nov 2009 = 100","Index, Nov 2009 = 100","2015M7",186.835908442527
"Nigeria","Potatoes,Yam & Other Tubers","Composite Consumer Price Index","Index, Nov 2009 = 100","Index, Nov 2009 = 100","2015M8",187.324113188484
"Nigeria","Potatoes,Yam & Other Tubers","Composite Consumer Price Index","Index, Nov 2009 = 100","Index, Nov 2009 = 100","2015M9",187.991620432566
"Nigeria","Potatoes,Yam & Other Tubers","Composite Consumer Price Index","Index, Nov 2009 = 100","Index, Nov 2009 = 100","2015M10",188.781952021741
"Nigeria","Potatoes,Yam & Other Tubers","Composite Consumer Price Index","Index, Nov 2009 = 100","Index, Nov 2009 = 100","2015M11",189.860689305724
"Nigeria","Potatoes,Yam & Other Tubers","Composite Consumer Price Index","Index, Nov 2009 = 100","Index, Nov 2009 = 100","2015M12",192.05791526043
"Nigeria","Potatoes,Yam & Other Tubers","Composite Consumer Price Index","Index, Nov 2009 = 100","Index, Nov 2009 = 100","2016M1",193.552406584355
"Nigeria","Potatoes,Yam & Other Tubers","Composite Consumer Price Index","Index, Nov 2009 = 100","Index, Nov 2009 = 100","2016M2",194.702433224599
"Nigeria","Potatoes,Yam & Other Tubers","Composite Consumer Price Index","Index, Nov 2009 = 100","Index, Nov 2009 = 100","2016M3",197.763772561077
"Nigeria","Potatoes,Yam & Other Tubers","Composite Consumer Price Index","Index, Nov 2009 = 100","Index, Nov 2009 = 100","2016M4",199.147925978922
"Nigeria","Potatoes,Yam & Other Tubers","Composite Consumer Price Index","Index, Nov 2009 = 100","Index, Nov 2009 = 100","2016M5",203.632423689297
"Nigeria","Potatoes,Yam & Other Tubers","Composite Consumer Price Index","Index, Nov 2009 = 100","Index, Nov 2009 = 100","2016M6",206.631797040019
"Nigeria","Potatoes,Yam & Other Tubers","Composite Consumer Price Index","Index, Nov 2009 = 100","Index, Nov 2009 = 100","2016M7",209.641620352703
"Nigeria","Potatoes,Yam & Other Tubers","Composite Consumer Price Index","Index, Nov 2009 = 100","Index, Nov 2009 = 100","2016M8",211.058086215414
"Nigeria","Potatoes,Yam & Other Tubers","Composite Consumer Price Index","Index, Nov 2009 = 100","Index, Nov 2009 = 100","2016M9",212.082004082139
"Nigeria","Potatoes,Yam & Other Tubers","Composite Consumer Price Index","Index, Nov 2009 = 100","Index, Nov 2009 = 100","2016M10",213.76717517782
"Nigeria","Coffee, tea and cocoa","Composite Consumer Price Index","Index, Nov 2009 = 100","Index, Nov 2009 = 100","2009M12",100.92
"Nigeria","Coffee, tea and cocoa","Composite Consumer Price Index","Index, Nov 2009 = 100","Index, Nov 2009 = 100","2010M1",101.31
"Nigeria","Coffee, tea and cocoa","Composite Consumer Price Index","Index, Nov 2009 = 100","Index, Nov 2009 = 100","2010M2",125.49
"Nigeria","Coffee, tea and cocoa","Composite Consumer Price Index","Index, Nov 2009 = 100","Index, Nov 2009 = 100","2010M3",101.22
"Nigeria","Coffee, tea and cocoa","Composite Consumer Price Index","Index, Nov 2009 = 100","Index, Nov 2009 = 100","2010M4",103.21
"Nigeria","Coffee, tea and cocoa","Composite Consumer Price Index","Index, Nov 2009 = 100","Index, Nov 2009 = 100","2010M5",123.61
"Nigeria","Coffee, tea and cocoa","Composite Consumer Price Index","Index, Nov 2009 = 100","Index, Nov 2009 = 100","2010M6",105.55
"Nigeria","Coffee, tea and cocoa","Composite Consumer Price Index","Index, Nov 2009 = 100","Index, Nov 2009 = 100","2010M7",106.44
"Nigeria","Coffee, tea and cocoa","Composite Consumer Price Index","Index, Nov 2009 = 100","Index, Nov 2009 = 100","2010M8",107.74
"Nigeria","Coffee, tea and cocoa","Composite Consumer Price Index","Index, Nov 2009 = 100","Index, Nov 2009 = 100","2010M9",108.41
"Nigeria","Coffee, tea and cocoa","Composite Consumer Price Index","Index, Nov 2009 = 100","Index, Nov 2009 = 100","2010M10",109.956656707568
"Nigeria","Coffee, tea and cocoa","Composite Consumer Price Index","Index, Nov 2009 = 100","Index, Nov 2009 = 100","2010M11",110.471456737457
"Nigeria","Coffee, tea and cocoa","Composite Consumer Price Index","Index, Nov 2009 = 100","Index, Nov 2009 = 100","2010M12",110.349400699255
"Nigeria","Coffee, tea and cocoa","Composite Consumer Price Index","Index, Nov 2009 = 100","Index, Nov 2009 = 100","2011M1",110.724555219153
"Nigeria","Coffee, tea and cocoa","Composite Consumer Price Index","Index, Nov 2009 = 100","Index, Nov 2009 = 100","2011M2",111.822101019719
"Nigeria","Coffee, tea and cocoa","Composite Consumer Price Index","Index, Nov 2009 = 100","Index, Nov 2009 = 100","2011M3",112.127323142061
"Nigeria","Coffee, tea and cocoa","Composite Consumer Price Index","Index, Nov 2009 = 100","Index, Nov 2009 = 100","2011M4",112.23139404158
"Nigeria","Coffee, tea and cocoa","Composite Consumer Price Index","Index, Nov 2009 = 100","Index, Nov 2009 = 100","2011M5",112.882737832368
"Nigeria","Coffee, tea and cocoa","Composite Consumer Price Index","Index, Nov 2009 = 100","Index, Nov 2009 = 100","2011M6",113.047606720677
"Nigeria","Coffee, tea and cocoa","Composite Consumer Price Index","Index, Nov 2009 = 100","Index, Nov 2009 = 100","2011M7",113.102241187033
"Nigeria","Coffee, tea and cocoa","Composite Consumer Price Index","Index, Nov 2009 = 100","Index, Nov 2009 = 100","2011M8",123.019232449594
"Nigeria","Coffee, tea and cocoa","Composite Consumer Price Index","Index, Nov 2009 = 100","Index, Nov 2009 = 100","2011M9",123.360360792254
"Nigeria","Coffee, tea and cocoa","Composite Consumer Price Index","Index, Nov 2009 = 100","Index, Nov 2009 = 100","2011M10",124.736513708308
"Nigeria","Coffee, tea and cocoa","Composite Consumer Price Index","Index, Nov 2009 = 100","Index, Nov 2009 = 100","2011M11",118.317428963784
"Nigeria","Coffee, tea and cocoa","Composite Consumer Price Index","Index, Nov 2009 = 100","Index, Nov 2009 = 100","2011M12",128.980542405478
"Nigeria","Coffee, tea and cocoa","Composite Consumer Price Index","Index, Nov 2009 = 100","Index, Nov 2009 = 100","2012M1",130.56978334143
"Nigeria","Coffee, tea and cocoa","Composite Consumer Price Index","Index, Nov 2009 = 100","Index, Nov 2009 = 100","2012M2",132.856694533546
"Nigeria","Coffee, tea and cocoa","Composite Consumer Price Index","Index, Nov 2009 = 100","Index, Nov 2009 = 100","2012M3",124.766083628236
"Nigeria","Coffee, tea and cocoa","Composite Consumer Price Index","Index, Nov 2009 = 100","Index, Nov 2009 = 100","2012M4",124.54723457891
"Nigeria","Coffee, tea and cocoa","Composite Consumer Price Index","Index, Nov 2009 = 100","Index, Nov 2009 = 100","2012M5",125.14
"Nigeria","Coffee, tea and cocoa","Composite Consumer Price Index","Index, Nov 2009 = 100","Index, Nov 2009 = 100","2012M6",125.962679128587
"Nigeria","Coffee, tea and cocoa","Composite Consumer Price Index","Index, Nov 2009 = 100","Index, Nov 2009 = 100","2012M7",126.360885370495
"Nigeria","Coffee, tea and cocoa","Composite Consumer Price Index","Index, Nov 2009 = 100","Index, Nov 2009 = 100","2012M8",126.743148147472
"Nigeria","Coffee, tea and cocoa","Composite Consumer Price Index","Index, Nov 2009 = 100","Index, Nov 2009 = 100","2012M9",127.95
"Nigeria","Coffee, tea and cocoa","Composite Consumer Price Index","Index, Nov 2009 = 100","Index, Nov 2009 = 100","2012M10",128.830005914063
"Nigeria","Coffee, tea and cocoa","Composite Consumer Price Index","Index, Nov 2009 = 100","Index, Nov 2009 = 100","2012M11",129.450671992138
"Nigeria","Coffee, tea and cocoa","Composite Consumer Price Index","Index, Nov 2009 = 100","Index, Nov 2009 = 100","2012M12",130.11218011724
"Nigeria","Coffee, tea and cocoa","Composite Consumer Price Index","Index, Nov 2009 = 100","Index, Nov 2009 = 100","2013M1",130.750019953322
"Nigeria","Coffee, tea and cocoa","Composite Consumer Price Index","Index, Nov 2009 = 100","Index, Nov 2009 = 100","2013M2",131.683991144059
"Nigeria","Coffee, tea and cocoa","Composite Consumer Price Index","Index, Nov 2009 = 100","Index, Nov 2009 = 100","2013M3",132.654302264867
"Nigeria","Coffee, tea and cocoa","Composite Consumer Price Index","Index, Nov 2009 = 100","Index, Nov 2009 = 100","2013M4",133.117260809875
"Nigeria","Coffee, tea and cocoa","Composite Consumer Price Index","Index, Nov 2009 = 100","Index, Nov 2009 = 100","2013M5",134.535488085303
"Nigeria","Coffee, tea and cocoa","Composite Consumer Price Index","Index, Nov 2009 = 100","Index, Nov 2009 = 100","2013M6",134.700788981722
"Nigeria","Coffee, tea and cocoa","Composite Consumer Price Index","Index, Nov 2009 = 100","Index, Nov 2009 = 100","2013M7",135.411246762382
"Nigeria","Coffee, tea and cocoa","Composite Consumer Price Index","Index, Nov 2009 = 100","Index, Nov 2009 = 100","2013M8",135.946664049073
"Nigeria","Coffee, tea and cocoa","Composite Consumer Price Index","Index, Nov 2009 = 100","Index, Nov 2009 = 100","2013M9",136.750792673345
"Nigeria","Coffee, tea and cocoa","Composite Consumer Price Index","Index, Nov 2009 = 100","Index, Nov 2009 = 100","2013M10",137.845681035793
"Nigeria","Coffee, tea and cocoa","Composite Consumer Price Index","Index, Nov 2009 = 100","Index, Nov 2009 = 100","2013M11",138.242283464651
"Nigeria","Coffee, tea and cocoa","Composite Consumer Price Index","Index, Nov 2009 = 100","Index, Nov 2009 = 100","2013M12",139.198714955588
"Nigeria","Coffee, tea and cocoa","Composite Consumer Price Index","Index, Nov 2009 = 100","Index, Nov 2009 = 100","2014M1",140.642381208224
"Nigeria","Coffee, tea and cocoa","Composite Consumer Price Index","Index, Nov 2009 = 100","Index, Nov 2009 = 100","2014M2",141.33626311072
"Nigeria","Coffee, tea and cocoa","Composite Consumer Price Index","Index, Nov 2009 = 100","Index, Nov 2009 = 100","2014M3",142.589752635262
"Nigeria","Coffee, tea and cocoa","Composite Consumer Price Index","Index, Nov 2009 = 100","Index, Nov 2009 = 100","2014M4",143.770111628121
"Nigeria","Coffee, tea and cocoa","Composite Consumer Price Index","Index, Nov 2009 = 100","Index, Nov 2009 = 100","2014M5",144.389564903074
"Nigeria","Coffee, tea and cocoa","Composite Consumer Price Index","Index, Nov 2009 = 100","Index, Nov 2009 = 100","2014M6",145.288024849896
"Nigeria","Coffee, tea and cocoa","Composite Consumer Price Index","Index, Nov 2009 = 100","Index, Nov 2009 = 100","2014M7",145.683028514841
"Nigeria","Coffee, tea and cocoa","Composite Consumer Price Index","Index, Nov 2009 = 100","Index, Nov 2009 = 100","2014M8",146.708925733563
"Nigeria","Coffee, tea and cocoa","Composite Consumer Price Index","Index, Nov 2009 = 100","Index, Nov 2009 = 100","2014M9",147.171288415787
"Nigeria","Coffee, tea and cocoa","Composite Consumer Price Index","Index, Nov 2009 = 100","Index, Nov 2009 = 100","2014M10",148.142241558287
"Nigeria","Coffee, tea and cocoa","Composite Consumer Price Index","Index, Nov 2009 = 100","Index, Nov 2009 = 100","2014M11",149.211647394708
"Nigeria","Coffee, tea and cocoa","Composite Consumer Price Index","Index, Nov 2009 = 100","Index, Nov 2009 = 100","2014M12",150.603133667072
"Nigeria","Coffee, tea and cocoa","Composite Consumer Price Index","Index, Nov 2009 = 100","Index, Nov 2009 = 100","2015M1",151.750969685348
"Nigeria","Coffee, tea and cocoa","Composite Consumer Price Index","Index, Nov 2009 = 100","Index, Nov 2009 = 100","2015M2",152.796383742737
"Nigeria","Coffee, tea and cocoa","Composite Consumer Price Index","Index, Nov 2009 = 100","Index, Nov 2009 = 100","2015M3",153.975390063534
"Nigeria","Coffee, tea and cocoa","Composite Consumer Price Index","Index, Nov 2009 = 100","Index, Nov 2009 = 100","2015M4",155.367142001374
"Nigeria","Coffee, tea and cocoa","Composite Consumer Price Index","Index, Nov 2009 = 100","Index, Nov 2009 = 100","2015M5",156.772773768001
"Nigeria","Coffee, tea and cocoa","Composite Consumer Price Index","Index, Nov 2009 = 100","Index, Nov 2009 = 100","2015M6",157.801318271178
"Nigeria","Coffee, tea and cocoa","Composite Consumer Price Index","Index, Nov 2009 = 100","Index, Nov 2009 = 100","2015M7",158.833476521356
"Nigeria","Coffee, tea and cocoa","Composite Consumer Price Index","Index, Nov 2009 = 100","Index, Nov 2009 = 100","2015M8",160.326357134945
"Nigeria","Coffee, tea and cocoa","Composite Consumer Price Index","Index, Nov 2009 = 100","Index, Nov 2009 = 100","2015M9",161.568175793834
"Nigeria","Coffee, tea and cocoa","Composite Consumer Price Index","Index, Nov 2009 = 100","Index, Nov 2009 = 100","2015M10",162.45389897459
"Nigeria","Coffee, tea and cocoa","Composite Consumer Price Index","Index, Nov 2009 = 100","Index, Nov 2009 = 100","2015M11",163.112202466818
"Nigeria","Coffee, tea and cocoa","Composite Consumer Price Index","Index, Nov 2009 = 100","Index, Nov 2009 = 100","2015M12",164.858121012534
"Nigeria","Coffee, tea and cocoa","Composite Consumer Price Index","Index, Nov 2009 = 100","Index, Nov 2009 = 100","2016M1",165.873469512114
"Nigeria","Coffee, tea and cocoa","Composite Consumer Price Index","Index, Nov 2009 = 100","Index, Nov 2009 = 100","2016M2",166.269397874502
"Nigeria","Coffee, tea and cocoa","Composite Consumer Price Index","Index, Nov 2009 = 100","Index, Nov 2009 = 100","2016M3",167.728147007335
"Nigeria","Coffee, tea and cocoa","Composite Consumer Price Index","Index, Nov 2009 = 100","Index, Nov 2009 = 100","2016M4",170.154878124906
"Nigeria","Coffee, tea and cocoa","Composite Consumer Price Index","Index, Nov 2009 = 100","Index, Nov 2009 = 100","2016M5",173.951729663092
"Nigeria","Coffee, tea and cocoa","Composite Consumer Price Index","Index, Nov 2009 = 100","Index, Nov 2009 = 100","2016M6",175.140360832121
"Nigeria","Coffee, tea and cocoa","Composite Consumer Price Index","Index, Nov 2009 = 100","Index, Nov 2009 = 100","2016M7",176.529380431022
"Nigeria","Coffee, tea and cocoa","Composite Consumer Price Index","Index, Nov 2009 = 100","Index, Nov 2009 = 100","2016M8",177.462664770708
"Nigeria","Coffee, tea and cocoa","Composite Consumer Price Index","Index, Nov 2009 = 100","Index, Nov 2009 = 100","2016M9",178.191058369721
"Nigeria","Coffee, tea and cocoa","Composite Consumer Price Index","Index, Nov 2009 = 100","Index, Nov 2009 = 100","2016M10",179.174871305191
"Nigeria","Canned Vegetables","Composite Consumer Price Index","Index, Nov 2009 = 100","Index, Nov 2009 = 100","2009M12",287.918125
"Nigeria","Canned Vegetables","Composite Consumer Price Index","Index, Nov 2009 = 100","Index, Nov 2009 = 100","2010M1",248.08833333
"Nigeria","Canned Vegetables","Composite Consumer Price Index","Index, Nov 2009 = 100","Index, Nov 2009 = 100","2010M2",252.35849057
"Nigeria","Canned Vegetables","Composite Consumer Price Index","Index, Nov 2009 = 100","Index, Nov 2009 = 100","2010M3",250
"Nigeria","Canned Vegetables","Composite Consumer Price Index","Index, Nov 2009 = 100","Index, Nov 2009 = 100","2010M4",240.59986667
"Nigeria","Canned Vegetables","Composite Consumer Price Index","Index, Nov 2009 = 100","Index, Nov 2009 = 100","2010M5",280.29592593
"Nigeria","Canned Vegetables","Composite Consumer Price Index","Index, Nov 2009 = 100","Index, Nov 2009 = 100","2010M6",265.55617021
"Nigeria","Canned Vegetables","Composite Consumer Price Index","Index, Nov 2009 = 100","Index, Nov 2009 = 100","2010M7",256.96969697
"Nigeria","Canned Vegetables","Composite Consumer Price Index","Index, Nov 2009 = 100","Index, Nov 2009 = 100","2010M8",261.71428571
"Nigeria","Canned Vegetables","Composite Consumer Price Index","Index, Nov 2009 = 100","Index, Nov 2009 = 100","2010M9",264.7826087
"Nigeria","Canned Vegetables","Composite Consumer Price Index","Index, Nov 2009 = 100","Index, Nov 2009 = 100","2010M10",265.78125
"Nigeria","Canned Vegetables","Composite Consumer Price Index","Index, Nov 2009 = 100","Index, Nov 2009 = 100","2010M11",263.01754386
"Nigeria","Canned Vegetables","Composite Consumer Price Index","Index, Nov 2009 = 100","Index, Nov 2009 = 100","2010M12",258.82352941
"Nigeria","Canned Vegetables","Composite Consumer Price Index","Index, Nov 2009 = 100","Index, Nov 2009 = 100","2011M1",272.05357143
"Nigeria","Canned Vegetables","Composite Consumer Price Index","Index, Nov 2009 = 100","Index, Nov 2009 = 100","2011M2",262.14285714
"Nigeria","Canned Vegetables","Composite Consumer Price Index","Index, Nov 2009 = 100","Index, Nov 2009 = 100","2011M3",280.49295775
"Nigeria","Canned Vegetables","Composite Consumer Price Index","Index, Nov 2009 = 100","Index, Nov 2009 = 100","2011M4",280.57471264
"Nigeria","Canned Vegetables","Composite Consumer Price Index","Index, Nov 2009 = 100","Index, Nov 2009 = 100","2011M5",277.1
"Nigeria","Canned Vegetables","Composite Consumer Price Index","Index, Nov 2009 = 100","Index, Nov 2009 = 100","2011M6",273.98918919
"Nigeria","Canned Vegetables","Composite Consumer Price Index","Index, Nov 2009 = 100","Index, Nov 2009 = 100","2011M7",271.38833333
"Nigeria","Canned Vegetables","Composite Consumer Price Index","Index, Nov 2009 = 100","Index, Nov 2009 = 100","2011M8",280.8822335
"Nigeria","Canned Vegetables","Composite Consumer Price Index","Index, Nov 2009 = 100","Index, Nov 2009 = 100","2011M9",279.5840708
"Nigeria","Canned Vegetables","Composite Consumer Price Index","Index, Nov 2009 = 100","Index, Nov 2009 = 100","2011M10",278.65357143
"Nigeria","Canned Vegetables","Composite Consumer Price Index","Index, Nov 2009 = 100","Index, Nov 2009 = 100","2011M11",270.74193548
"Nigeria","Canned Vegetables","Composite Consumer Price Index","Index, Nov 2009 = 100","Index, Nov 2009 = 100","2011M12",271.92307692
"Nigeria","Canned Vegetables","Composite Consumer Price Index","Index, Nov 2009 = 100","Index, Nov 2009 = 100","2012M1",303.17567568
"Nigeria","Canned Vegetables","Composite Consumer Price Index","Index, Nov 2009 = 100","Index, Nov 2009 = 100","2012M2",322.03389831
"Nigeria","Canned Vegetables","Composite Consumer Price Index","Index, Nov 2009 = 100","Index, Nov 2009 = 100","2012M3",325.06410256
"Nigeria","Canned Vegetables","Composite Consumer Price Index","Index, Nov 2009 = 100","Index, Nov 2009 = 100","2012M4",322.07792208
"Nigeria","Canned Vegetables","Composite Consumer Price Index","Index, Nov 2009 = 100","Index, Nov 2009 = 100","2012M5",327.52624459
"Nigeria","Canned Vegetables","Composite Consumer Price Index","Index, Nov 2009 = 100","Index, Nov 2009 = 100","2012M6",299.80207438
"Nigeria","Canned Vegetables","Composite Consumer Price Index","Index, Nov 2009 = 100","Index, Nov 2009 = 100","2012M7",311.49401766
"Nigeria","Canned Vegetables","Composite Consumer Price Index","Index, Nov 2009 = 100","Index, Nov 2009 = 100","2012M8",321.29194805
"Nigeria","Canned Vegetables","Composite Consumer Price Index","Index, Nov 2009 = 100","Index, Nov 2009 = 100","2012M9",330.00023753
"Nigeria","Canned Vegetables","Composite Consumer Price Index","Index, Nov 2009 = 100","Index, Nov 2009 = 100","2012M10",328.94889884
"Nigeria","Canned Vegetables","Composite Consumer Price Index","Index, Nov 2009 = 100","Index, Nov 2009 = 100","2012M11",362.24641394
"Nigeria","Canned Vegetables","Composite Consumer Price Index","Index, Nov 2009 = 100","Index, Nov 2009 = 100","2012M12",382.39673775
"Nigeria","Canned Vegetables","Composite Consumer Price Index","Index, Nov 2009 = 100","Index, Nov 2009 = 100","2013M1",325.04627389
"Nigeria","Canned Vegetables","Composite Consumer Price Index","Index, Nov 2009 = 100","Index, Nov 2009 = 100","2013M2",322.01812639
"Nigeria","Canned Vegetables","Composite Consumer Price Index","Index, Nov 2009 = 100","Index, Nov 2009 = 100","2013M3",327.85005936
"Nigeria","Canned Vegetables","Composite Consumer Price Index","Index, Nov 2009 = 100","Index, Nov 2009 = 100","2013M4",323.38824324
"Nigeria","Canned Vegetables","Composite Consumer Price Index","Index, Nov 2009 = 100","Index, Nov 2009 = 100","2013M5",288.06098337
"Nigeria","Canned Vegetables","Composite Consumer Price Index","Index, Nov 2009 = 100","Index, Nov 2009 = 100","2013M6",282.04108449
"Nigeria","Canned Vegetables","Composite Consumer Price Index","Index, Nov 2009 = 100","Index, Nov 2009 = 100","2013M7",321.69914879
"Nigeria","Canned Vegetables","Composite Consumer Price Index","Index, Nov 2009 = 100","Index, Nov 2009 = 100","2013M8",282.57878378
"Nigeria","Canned Vegetables","Composite Consumer Price Index","Index, Nov 2009 = 100","Index, Nov 2009 = 100","2013M9",309.76310811
"Nigeria","Canned Vegetables","Composite Consumer Price Index","Index, Nov 2009 = 100","Index, Nov 2009 = 100","2013M10",312.04905405
"Nigeria","Canned Vegetables","Composite Consumer Price Index","Index, Nov 2009 = 100","Index, Nov 2009 = 100","2013M11",314.1077027
"Nigeria","Canned Vegetables","Composite Consumer Price Index","Index, Nov 2009 = 100","Index, Nov 2009 = 100","2013M12",315.4622973
"Nigeria","Canned Vegetables","Composite Consumer Price Index","Index, Nov 2009 = 100","Index, Nov 2009 = 100","2014M1",318.03782807
"Nigeria","Canned Vegetables","Composite Consumer Price Index","Index, Nov 2009 = 100","Index, Nov 2009 = 100","2014M2",310.928563
"Nigeria","Canned Vegetables","Composite Consumer Price Index","Index, Nov 2009 = 100","Index, Nov 2009 = 100","2014M3",315.47328588
"Nigeria","Canned Vegetables","Composite Consumer Price Index","Index, Nov 2009 = 100","Index, Nov 2009 = 100","2014M4",322.02897877
"Nigeria","Canned Vegetables","Composite Consumer Price Index","Index, Nov 2009 = 100","Index, Nov 2009 = 100","2014M5",323.63963973
"Nigeria","Canned Vegetables","Composite Consumer Price Index","Index, Nov 2009 = 100","Index, Nov 2009 = 100","2014M6",325.29330655
"Nigeria","Canned Vegetables","Composite Consumer Price Index","Index, Nov 2009 = 100","Index, Nov 2009 = 100","2014M7",329.84206661
"Nigeria","Canned Vegetables","Composite Consumer Price Index","Index, Nov 2009 = 100","Index, Nov 2009 = 100","2014M8",331.86464464
"Nigeria","Canned Vegetables","Composite Consumer Price Index","Index, Nov 2009 = 100","Index, Nov 2009 = 100","2014M9",332.7375166
"Nigeria","Canned Vegetables","Composite Consumer Price Index","Index, Nov 2009 = 100","Index, Nov 2009 = 100","2014M10",336.74659172
"Nigeria","Canned Vegetables","Composite Consumer Price Index","Index, Nov 2009 = 100","Index, Nov 2009 = 100","2014M11",337.60114994
"Nigeria","Canned Vegetables","Composite Consumer Price Index","Index, Nov 2009 = 100","Index, Nov 2009 = 100","2014M12",338.96065297
"Nigeria","Canned Vegetables","Composite Consumer Price Index","Index, Nov 2009 = 100","Index, Nov 2009 = 100","2015M1",340.43220891
"Nigeria","Canned Vegetables","Composite Consumer Price Index","Index, Nov 2009 = 100","Index, Nov 2009 = 100","2015M2",342.18441051
"Nigeria","Canned Vegetables","Composite Consumer Price Index","Index, Nov 2009 = 100","Index, Nov 2009 = 100","2015M3",344.61443799
"Nigeria","Canned Vegetables","Composite Consumer Price Index","Index, Nov 2009 = 100","Index, Nov 2009 = 100","2015M4",346.54482477
"Nigeria","Canned Vegetables","Composite Consumer Price Index","Index, Nov 2009 = 100","Index, Nov 2009 = 100","2015M5",351.18343797
"Nigeria","Canned Vegetables","Composite Consumer Price Index","Index, Nov 2009 = 100","Index, Nov 2009 = 100","2015M6",353.85347403
"Nigeria","Canned Vegetables","Composite Consumer Price Index","Index, Nov 2009 = 100","Index, Nov 2009 = 100","2015M7",356.05342474
"Nigeria","Canned Vegetables","Composite Consumer Price Index","Index, Nov 2009 = 100","Index, Nov 2009 = 100","2015M8",359.66364871
"Nigeria","Canned Vegetables","Composite Consumer Price Index","Index, Nov 2009 = 100","Index, Nov 2009 = 100","2015M9",366.04252255
"Nigeria","Canned Vegetables","Composite Consumer Price Index","Index, Nov 2009 = 100","Index, Nov 2009 = 100","2015M10",368.98435484
"Nigeria","Canned Vegetables","Composite Consumer Price Index","Index, Nov 2009 = 100","Index, Nov 2009 = 100","2015M11",374.62468336
"Nigeria","Canned Vegetables","Composite Consumer Price Index","Index, Nov 2009 = 100","Index, Nov 2009 = 100","2015M12",376.85784779
"Nigeria","Canned Vegetables","Composite Consumer Price Index","Index, Nov 2009 = 100","Index, Nov 2009 = 100","2016M1",381.71523868
"Nigeria","Canned Vegetables","Composite Consumer Price Index","Index, Nov 2009 = 100","Index, Nov 2009 = 100","2016M2",387.06171045
"Nigeria","Canned Vegetables","Composite Consumer Price Index","Index, Nov 2009 = 100","Index, Nov 2009 = 100","2016M3",395.6024976
"Nigeria","Canned Vegetables","Composite Consumer Price Index","Index, Nov 2009 = 100","Index, Nov 2009 = 100","2016M4",403.15318277
"Nigeria","Canned Vegetables","Composite Consumer Price Index","Index, Nov 2009 = 100","Index, Nov 2009 = 100","2016M5",413.60752106
"Nigeria","Canned Vegetables","Composite Consumer Price Index","Index, Nov 2009 = 100","Index, Nov 2009 = 100","2016M6",381.71523868
"Nigeria","Canned Vegetables","Composite Consumer Price Index","Index, Nov 2009 = 100","Index, Nov 2009 = 100","2016M7",434.07655632
"Nigeria","Canned Vegetables","Composite Consumer Price Index","Index, Nov 2009 = 100","Index, Nov 2009 = 100","2016M8",447.41139885
"Nigeria","Canned Vegetables","Composite Consumer Price Index","Index, Nov 2009 = 100","Index, Nov 2009 = 100","2016M9",454.37896936
"Nigeria","Canned Vegetables","Composite Consumer Price Index","Index, Nov 2009 = 100","Index, Nov 2009 = 100","2016M10",464.38923345
"Nigeria","Rice","Composite Consumer Price Index","Index, Nov 2009 = 100","Index, Nov 2009 = 100","2009M12",169.65773016
"Nigeria","Rice","Composite Consumer Price Index","Index, Nov 2009 = 100","Index, Nov 2009 = 100","2010M1",173.55665433
"Nigeria","Rice","Composite Consumer Price Index","Index, Nov 2009 = 100","Index, Nov 2009 = 100","2010M2",173.19184931
"Nigeria","Rice","Composite Consumer Price Index","Index, Nov 2009 = 100","Index, Nov 2009 = 100","2010M3",162.3
"Nigeria","Rice","Composite Consumer Price Index","Index, Nov 2009 = 100","Index, Nov 2009 = 100","2010M4",198.35659023
"Nigeria","Rice","Composite Consumer Price Index","Index, Nov 2009 = 100","Index, Nov 2009 = 100","2010M5",170.36023965
"Nigeria","Rice","Composite Consumer Price Index","Index, Nov 2009 = 100","Index, Nov 2009 = 100","2010M6",174.80658889
"Nigeria","Rice","Composite Consumer Price Index","Index, Nov 2009 = 100","Index, Nov 2009 = 100","2010M7",173.85056387
"Nigeria","Rice","Composite Consumer Price Index","Index, Nov 2009 = 100","Index, Nov 2009 = 100","2010M8",175.47439642
"Nigeria","Rice","Composite Consumer Price Index","Index, Nov 2009 = 100","Index, Nov 2009 = 100","2010M9",176.41027739
"Nigeria","Rice","Composite Consumer Price Index","Index, Nov 2009 = 100","Index, Nov 2009 = 100","2010M10",175.50547297
"Nigeria","Rice","Composite Consumer Price Index","Index, Nov 2009 = 100","Index, Nov 2009 = 100","2010M11",172.09111111
"Nigeria","Rice","Composite Consumer Price Index","Index, Nov 2009 = 100","Index, Nov 2009 = 100","2010M12",172.64251596
"Nigeria","Rice","Composite Consumer Price Index","Index, Nov 2009 = 100","Index, Nov 2009 = 100","2011M1",174.91448243
"Nigeria","Rice","Composite Consumer Price Index","Index, Nov 2009 = 100","Index, Nov 2009 = 100","2011M2",177.44739637
"Nigeria","Rice","Composite Consumer Price Index","Index, Nov 2009 = 100","Index, Nov 2009 = 100","2011M3",188.52477842
"Nigeria","Rice","Composite Consumer Price Index","Index, Nov 2009 = 100","Index, Nov 2009 = 100","2011M4",180.06660348
"Nigeria","Rice","Composite Consumer Price Index","Index, Nov 2009 = 100","Index, Nov 2009 = 100","2011M5",177.34
"Nigeria","Rice","Composite Consumer Price Index","Index, Nov 2009 = 100","Index, Nov 2009 = 100","2011M6",174.24338912
"Nigeria","Rice","Composite Consumer Price Index","Index, Nov 2009 = 100","Index, Nov 2009 = 100","2011M7",174.10170785
"Nigeria","Rice","Composite Consumer Price Index","Index, Nov 2009 = 100","Index, Nov 2009 = 100","2011M8",175.20543188
"Nigeria","Rice","Composite Consumer Price Index","Index, Nov 2009 = 100","Index, Nov 2009 = 100","2011M9",176.8017
"Nigeria","Rice","Composite Consumer Price Index","Index, Nov 2009 = 100","Index, Nov 2009 = 100","2011M10",175.64244872
"Nigeria","Rice","Composite Consumer Price Index","Index, Nov 2009 = 100","Index, Nov 2009 = 100","2011M11",174.10820292
"Nigeria","Rice","Composite Consumer Price Index","Index, Nov 2009 = 100","Index, Nov 2009 = 100","2011M12",175.2246849
"Nigeria","Rice","Composite Consumer Price Index","Index, Nov 2009 = 100","Index, Nov 2009 = 100","2012M1",189.48159407
"Nigeria","Rice","Composite Consumer Price Index","Index, Nov 2009 = 100","Index, Nov 2009 = 100","2012M2",183.31546919
"Nigeria","Rice","Composite Consumer Price Index","Index, Nov 2009 = 100","Index, Nov 2009 = 100","2012M3",188.90175234
"Nigeria","Rice","Composite Consumer Price Index","Index, Nov 2009 = 100","Index, Nov 2009 = 100","2012M4",194.81857438
"Nigeria","Rice","Composite Consumer Price Index","Index, Nov 2009 = 100","Index, Nov 2009 = 100","2012M5",198.14185158
"Nigeria","Rice","Composite Consumer Price Index","Index, Nov 2009 = 100","Index, Nov 2009 = 100","2012M6",208.26436924
"Nigeria","Rice","Composite Consumer Price Index","Index, Nov 2009 = 100","Index, Nov 2009 = 100","2012M7",200.16595271
"Nigeria","Rice","Composite Consumer Price Index","Index, Nov 2009 = 100","Index, Nov 2009 = 100","2012M8",196.03112043
"Nigeria","Rice","Composite Consumer Price Index","Index, Nov 2009 = 100","Index, Nov 2009 = 100","2012M9",201.65439887
"Nigeria","Rice","Composite Consumer Price Index","Index, Nov 2009 = 100","Index, Nov 2009 = 100","2012M10",201.44485589
"Nigeria","Rice","Composite Consumer Price Index","Index, Nov 2009 = 100","Index, Nov 2009 = 100","2012M11",208.49902438
"Nigeria","Rice","Composite Consumer Price Index","Index, Nov 2009 = 100","Index, Nov 2009 = 100","2012M12",201.08529422
"Nigeria","Rice","Composite Consumer Price Index","Index, Nov 2009 = 100","Index, Nov 2009 = 100","2013M1",196.7706659
"Nigeria","Rice","Composite Consumer Price Index","Index, Nov 2009 = 100","Index, Nov 2009 = 100","2013M2",244.69220699
"Nigeria","Rice","Composite Consumer Price Index","Index, Nov 2009 = 100","Index, Nov 2009 = 100","2013M3",223.58493214
"Nigeria","Rice","Composite Consumer Price Index","Index, Nov 2009 = 100","Index, Nov 2009 = 100","2013M4",226.61202703
"Nigeria","Rice","Composite Consumer Price Index","Index, Nov 2009 = 100","Index, Nov 2009 = 100","2013M5",300.75840362
"Nigeria","Rice","Composite Consumer Price Index","Index, Nov 2009 = 100","Index, Nov 2009 = 100","2013M6",308.53026585
"Nigeria","Rice","Composite Consumer Price Index","Index, Nov 2009 = 100","Index, Nov 2009 = 100","2013M7",262.41168378
"Nigeria","Rice","Composite Consumer Price Index","Index, Nov 2009 = 100","Index, Nov 2009 = 100","2013M8",282.70959459
"Nigeria","Rice","Composite Consumer Price Index","Index, Nov 2009 = 100","Index, Nov 2009 = 100","2013M9",243.21567568
"Nigeria","Rice","Composite Consumer Price Index","Index, Nov 2009 = 100","Index, Nov 2009 = 100","2013M10",245.43513514
"Nigeria","Rice","Composite Consumer Price Index","Index, Nov 2009 = 100","Index, Nov 2009 = 100","2013M11",247.01094595
"Nigeria","Rice","Composite Consumer Price Index","Index, Nov 2009 = 100","Index, Nov 2009 = 100","2013M12",249.03810811
"Nigeria","Rice","Composite Consumer Price Index","Index, Nov 2009 = 100","Index, Nov 2009 = 100","2014M1",272.50785323
"Nigeria","Rice","Composite Consumer Price Index","Index, Nov 2009 = 100","Index, Nov 2009 = 100","2014M2",253.90515126
"Nigeria","Rice","Composite Consumer Price Index","Index, Nov 2009 = 100","Index, Nov 2009 = 100","2014M3",255.27565825
"Nigeria","Rice","Composite Consumer Price Index","Index, Nov 2009 = 100","Index, Nov 2009 = 100","2014M4",258.22694846
"Nigeria","Rice","Composite Consumer Price Index","Index, Nov 2009 = 100","Index, Nov 2009 = 100","2014M5",261.32145691
"Nigeria","Rice","Composite Consumer Price Index","Index, Nov 2009 = 100","Index, Nov 2009 = 100","2014M6",263.191106
"Nigeria","Rice","Composite Consumer Price Index","Index, Nov 2009 = 100","Index, Nov 2009 = 100","2014M7",265.87962043
"Nigeria","Rice","Composite Consumer Price Index","Index, Nov 2009 = 100","Index, Nov 2009 = 100","2014M8",266.52352225
"Nigeria","Rice","Composite Consumer Price Index","Index, Nov 2009 = 100","Index, Nov 2009 = 100","2014M9",268.29232674
"Nigeria","Rice","Composite Consumer Price Index","Index, Nov 2009 = 100","Index, Nov 2009 = 100","2014M10",268.91078812
"Nigeria","Rice","Composite Consumer Price Index","Index, Nov 2009 = 100","Index, Nov 2009 = 100","2014M11",270.79966679
"Nigeria","Rice","Composite Consumer Price Index","Index, Nov 2009 = 100","Index, Nov 2009 = 100","2014M12",273.10145064
"Nigeria","Rice","Composite Consumer Price Index","Index, Nov 2009 = 100","Index, Nov 2009 = 100","2015M1",275.32312711
"Nigeria","Rice","Composite Consumer Price Index","Index, Nov 2009 = 100","Index, Nov 2009 = 100","2015M2",277.35309079
"Nigeria","Rice","Composite Consumer Price Index","Index, Nov 2009 = 100","Index, Nov 2009 = 100","2015M3",279.87129147
"Nigeria","Rice","Composite Consumer Price Index","Index, Nov 2009 = 100","Index, Nov 2009 = 100","2015M4",282.89319807
"Nigeria","Rice","Composite Consumer Price Index","Index, Nov 2009 = 100","Index, Nov 2009 = 100","2015M5",285.97874016
"Nigeria","Rice","Composite Consumer Price Index","Index, Nov 2009 = 100","Index, Nov 2009 = 100","2015M6",288.71572422
"Nigeria","Rice","Composite Consumer Price Index","Index, Nov 2009 = 100","Index, Nov 2009 = 100","2015M7",291.83449858
"Nigeria","Rice","Composite Consumer Price Index","Index, Nov 2009 = 100","Index, Nov 2009 = 100","2015M8",294.43869237
"Nigeria","Rice","Composite Consumer Price Index","Index, Nov 2009 = 100","Index, Nov 2009 = 100","2015M9",297.4487741
"Nigeria","Rice","Composite Consumer Price Index","Index, Nov 2009 = 100","Index, Nov 2009 = 100","2015M10",299.09623336
"Nigeria","Rice","Composite Consumer Price Index","Index, Nov 2009 = 100","Index, Nov 2009 = 100","2015M11",301.34065518
"Nigeria","Rice","Composite Consumer Price Index","Index, Nov 2009 = 100","Index, Nov 2009 = 100","2015M12",304.45213812
"Nigeria","Rice","Composite Consumer Price Index","Index, Nov 2009 = 100","Index, Nov 2009 = 100","2016M1",307.17273605
"Nigeria","Rice","Composite Consumer Price Index","Index, Nov 2009 = 100","Index, Nov 2009 = 100","2016M2",319.41945311
"Nigeria","Rice","Composite Consumer Price Index","Index, Nov 2009 = 100","Index, Nov 2009 = 100","2016M3",327.46153224
"Nigeria","Rice","Composite Consumer Price Index","Index, Nov 2009 = 100","Index, Nov 2009 = 100","2016M4",337.97362921
"Nigeria","Rice","Composite Consumer Price Index","Index, Nov 2009 = 100","Index, Nov 2009 = 100","2016M5",349.59019366
"Nigeria","Rice","Composite Consumer Price Index","Index, Nov 2009 = 100","Index, Nov 2009 = 100","2016M6",307.17273605
"Nigeria","Rice","Composite Consumer Price Index","Index, Nov 2009 = 100","Index, Nov 2009 = 100","2016M7",373.76521792
"Nigeria","Rice","Composite Consumer Price Index","Index, Nov 2009 = 100","Index, Nov 2009 = 100","2016M8",363.56788064
"Nigeria","Rice","Composite Consumer Price Index","Index, Nov 2009 = 100","Index, Nov 2009 = 100","2016M9",369.33507234
"Nigeria","Rice","Composite Consumer Price Index","Index, Nov 2009 = 100","Index, Nov 2009 = 100","2016M10",370.42793476
"Nigeria","Canned Meat","Composite Consumer Price Index","Index, Nov 2009 = 100","Index, Nov 2009 = 100","2009M12",321.02980392
"Nigeria","Canned Meat","Composite Consumer Price Index","Index, Nov 2009 = 100","Index, Nov 2009 = 100","2010M1",333.22584615
"Nigeria","Canned Meat","Composite Consumer Price Index","Index, Nov 2009 = 100","Index, Nov 2009 = 100","2010M2",336.13021978
"Nigeria","Canned Meat","Composite Consumer Price Index","Index, Nov 2009 = 100","Index, Nov 2009 = 100","2010M3",350
"Nigeria","Canned Meat","Composite Consumer Price Index","Index, Nov 2009 = 100","Index, Nov 2009 = 100","2010M4",367.01553648
"Nigeria","Canned Meat","Composite Consumer Price Index","Index, Nov 2009 = 100","Index, Nov 2009 = 100","2010M5",367.78121359
"Nigeria","Canned Meat","Composite Consumer Price Index","Index, Nov 2009 = 100","Index, Nov 2009 = 100","2010M6",385.27975248
"Nigeria","Canned Meat","Composite Consumer Price Index","Index, Nov 2009 = 100","Index, Nov 2009 = 100","2010M7",391.16436464
"Nigeria","Canned Meat","Composite Consumer Price Index","Index, Nov 2009 = 100","Index, Nov 2009 = 100","2010M8",403.90361446
"Nigeria","Canned Meat","Composite Consumer Price Index","Index, Nov 2009 = 100","Index, Nov 2009 = 100","2010M9",397.86585366
"Nigeria","Canned Meat","Composite Consumer Price Index","Index, Nov 2009 = 100","Index, Nov 2009 = 100","2010M10",391.33333333
"Nigeria","Canned Meat","Composite Consumer Price Index","Index, Nov 2009 = 100","Index, Nov 2009 = 100","2010M11",373.9787234
"Nigeria","Canned Meat","Composite Consumer Price Index","Index, Nov 2009 = 100","Index, Nov 2009 = 100","2010M12",388.73333333
"Nigeria","Canned Meat","Composite Consumer Price Index","Index, Nov 2009 = 100","Index, Nov 2009 = 100","2011M1",416.71641791
"Nigeria","Canned Meat","Composite Consumer Price Index","Index, Nov 2009 = 100","Index, Nov 2009 = 100","2011M2",394.82517483
"Nigeria","Canned Meat","Composite Consumer Price Index","Index, Nov 2009 = 100","Index, Nov 2009 = 100","2011M3",428.14516129
"Nigeria","Canned Meat","Composite Consumer Price Index","Index, Nov 2009 = 100","Index, Nov 2009 = 100","2011M4",399.91735537
"Nigeria","Canned Meat","Composite Consumer Price Index","Index, Nov 2009 = 100","Index, Nov 2009 = 100","2011M5",401.19
"Nigeria","Canned Meat","Composite Consumer Price Index","Index, Nov 2009 = 100","Index, Nov 2009 = 100","2011M6",417.01123596
"Nigeria","Canned Meat","Composite Consumer Price Index","Index, Nov 2009 = 100","Index, Nov 2009 = 100","2011M7",417.74411765
"Nigeria","Canned Meat","Composite Consumer Price Index","Index, Nov 2009 = 100","Index, Nov 2009 = 100","2011M8",430.96161616
"Nigeria","Canned Meat","Composite Consumer Price Index","Index, Nov 2009 = 100","Index, Nov 2009 = 100","2011M9",426.77183099
"Nigeria","Canned Meat","Composite Consumer Price Index","Index, Nov 2009 = 100","Index, Nov 2009 = 100","2011M10",422.06
"Nigeria","Canned Meat","Composite Consumer Price Index","Index, Nov 2009 = 100","Index, Nov 2009 = 100","2011M11",409.95678049
"Nigeria","Canned Meat","Composite Consumer Price Index","Index, Nov 2009 = 100","Index, Nov 2009 = 100","2011M12",426.1291411
"Nigeria","Canned Meat","Composite Consumer Price Index","Index, Nov 2009 = 100","Index, Nov 2009 = 100","2012M1",463.51256281
"Nigeria","Canned Meat","Composite Consumer Price Index","Index, Nov 2009 = 100","Index, Nov 2009 = 100","2012M2",472.74459459
"Nigeria","Canned Meat","Composite Consumer Price Index","Index, Nov 2009 = 100","Index, Nov 2009 = 100","2012M3",548.97028986
"Nigeria","Canned Meat","Composite Consumer Price Index","Index, Nov 2009 = 100","Index, Nov 2009 = 100","2012M4",787.86224771
"Nigeria","Canned Meat","Composite Consumer Price Index","Index, Nov 2009 = 100","Index, Nov 2009 = 100","2012M5",788.16020546
"Nigeria","Canned Meat","Composite Consumer Price Index","Index, Nov 2009 = 100","Index, Nov 2009 = 100","2012M6",515.24372931
"Nigeria","Canned Meat","Composite Consumer Price Index","Index, Nov 2009 = 100","Index, Nov 2009 = 100","2012M7",604.08840802
"Nigeria","Canned Meat","Composite Consumer Price Index","Index, Nov 2009 = 100","Index, Nov 2009 = 100","2012M8",788.2358239
"Nigeria","Canned Meat","Composite Consumer Price Index","Index, Nov 2009 = 100","Index, Nov 2009 = 100","2012M9",787.5764737
"Nigeria","Canned Meat","Composite Consumer Price Index","Index, Nov 2009 = 100","Index, Nov 2009 = 100","2012M10",793.751831
"Nigeria","Canned Meat","Composite Consumer Price Index","Index, Nov 2009 = 100","Index, Nov 2009 = 100","2012M11",629.54752347
"Nigeria","Canned Meat","Composite Consumer Price Index","Index, Nov 2009 = 100","Index, Nov 2009 = 100","2012M12",633.51516065
"Nigeria","Canned Meat","Composite Consumer Price Index","Index, Nov 2009 = 100","Index, Nov 2009 = 100","2013M1",626.56825737
"Nigeria","Canned Meat","Composite Consumer Price Index","Index, Nov 2009 = 100","Index, Nov 2009 = 100","2013M2",523.83889475
"Nigeria","Canned Meat","Composite Consumer Price Index","Index, Nov 2009 = 100","Index, Nov 2009 = 100","2013M3",378.82684442
"Nigeria","Canned Meat","Composite Consumer Price Index","Index, Nov 2009 = 100","Index, Nov 2009 = 100","2013M4",440.20351351
"Nigeria","Canned Meat","Composite Consumer Price Index","Index, Nov 2009 = 100","Index, Nov 2009 = 100","2013M5",410.15325072
"Nigeria","Canned Meat","Composite Consumer Price Index","Index, Nov 2009 = 100","Index, Nov 2009 = 100","2013M6",413.3321544
"Nigeria","Canned Meat","Composite Consumer Price Index","Index, Nov 2009 = 100","Index, Nov 2009 = 100","2013M7",419.5823558
"Nigeria","Canned Meat","Composite Consumer Price Index","Index, Nov 2009 = 100","Index, Nov 2009 = 100","2013M8",462.58432432
"Nigeria","Canned Meat","Composite Consumer Price Index","Index, Nov 2009 = 100","Index, Nov 2009 = 100","2013M9",462.26040541
"Nigeria","Canned Meat","Composite Consumer Price Index","Index, Nov 2009 = 100","Index, Nov 2009 = 100","2013M10",466.03364865
"Nigeria","Canned Meat","Composite Consumer Price Index","Index, Nov 2009 = 100","Index, Nov 2009 = 100","2013M11",468.80445946
"Nigeria","Canned Meat","Composite Consumer Price Index","Index, Nov 2009 = 100","Index, Nov 2009 = 100","2013M12",471.40067568
"Nigeria","Canned Meat","Composite Consumer Price Index","Index, Nov 2009 = 100","Index, Nov 2009 = 100","2014M1",475.39577819
"Nigeria","Canned Meat","Composite Consumer Price Index","Index, Nov 2009 = 100","Index, Nov 2009 = 100","2014M2",495.8175467
"Nigeria","Canned Meat","Composite Consumer Price Index","Index, Nov 2009 = 100","Index, Nov 2009 = 100","2014M3",495.8693245
"Nigeria","Canned Meat","Composite Consumer Price Index","Index, Nov 2009 = 100","Index, Nov 2009 = 100","2014M4",426.90926775
"Nigeria","Canned Meat","Composite Consumer Price Index","Index, Nov 2009 = 100","Index, Nov 2009 = 100","2014M5",434.23319711
"Nigeria","Canned Meat","Composite Consumer Price Index","Index, Nov 2009 = 100","Index, Nov 2009 = 100","2014M6",437.03300079
"Nigeria","Canned Meat","Composite Consumer Price Index","Index, Nov 2009 = 100","Index, Nov 2009 = 100","2014M7",435.58575793
"Nigeria","Canned Meat","Composite Consumer Price Index","Index, Nov 2009 = 100","Index, Nov 2009 = 100","2014M8",443.21712417
"Nigeria","Canned Meat","Composite Consumer Price Index","Index, Nov 2009 = 100","Index, Nov 2009 = 100","2014M9",445.71487012
"Nigeria","Canned Meat","Composite Consumer Price Index","Index, Nov 2009 = 100","Index, Nov 2009 = 100","2014M10",451.51754624
"Nigeria","Canned Meat","Composite Consumer Price Index","Index, Nov 2009 = 100","Index, Nov 2009 = 100","2014M11",455.50452869
"Nigeria","Canned Meat","Composite Consumer Price Index","Index, Nov 2009 = 100","Index, Nov 2009 = 100","2014M12",457.21794778
"Nigeria","Canned Meat","Composite Consumer Price Index","Index, Nov 2009 = 100","Index, Nov 2009 = 100","2015M1",460.81793467
"Nigeria","Canned Meat","Composite Consumer Price Index","Index, Nov 2009 = 100","Index, Nov 2009 = 100","2015M2",463.56547177
"Nigeria","Canned Meat","Composite Consumer Price Index","Index, Nov 2009 = 100","Index, Nov 2009 = 100","2015M3",467.28458483
"Nigeria","Canned Meat","Composite Consumer Price Index","Index, Nov 2009 = 100","Index, Nov 2009 = 100","2015M4",471.70962765
"Nigeria","Canned Meat","Composite Consumer Price Index","Index, Nov 2009 = 100","Index, Nov 2009 = 100","2015M5",477.5571838
"Nigeria","Canned Meat","Composite Consumer Price Index","Index, Nov 2009 = 100","Index, Nov 2009 = 100","2015M6",481.40761762
"Nigeria","Canned Meat","Composite Consumer Price Index","Index, Nov 2009 = 100","Index, Nov 2009 = 100","2015M7",486.07575918
"Nigeria","Canned Meat","Composite Consumer Price Index","Index, Nov 2009 = 100","Index, Nov 2009 = 100","2015M8",494.16279287
"Nigeria","Canned Meat","Composite Consumer Price Index","Index, Nov 2009 = 100","Index, Nov 2009 = 100","2015M9",499.86858916
"Nigeria","Canned Meat","Composite Consumer Price Index","Index, Nov 2009 = 100","Index, Nov 2009 = 100","2015M10",504.4014168
"Nigeria","Canned Meat","Composite Consumer Price Index","Index, Nov 2009 = 100","Index, Nov 2009 = 100","2015M11",509.02521235
"Nigeria","Canned Meat","Composite Consumer Price Index","Index, Nov 2009 = 100","Index, Nov 2009 = 100","2015M12",515.4098665
"Nigeria","Canned Meat","Composite Consumer Price Index","Index, Nov 2009 = 100","Index, Nov 2009 = 100","2016M1",525.65975154
"Nigeria","Canned Meat","Composite Consumer Price Index","Index, Nov 2009 = 100","Index, Nov 2009 = 100","2016M2",537.75953149
"Nigeria","Canned Meat","Composite Consumer Price Index","Index, Nov 2009 = 100","Index, Nov 2009 = 100","2016M3",548.67773441
"Nigeria","Canned Meat","Composite Consumer Price Index","Index, Nov 2009 = 100","Index, Nov 2009 = 100","2016M4",557.31380678
"Nigeria","Canned Meat","Composite Consumer Price Index","Index, Nov 2009 = 100","Index, Nov 2009 = 100","2016M5",570.75041965
"Nigeria","Canned Meat","Composite Consumer Price Index","Index, Nov 2009 = 100","Index, Nov 2009 = 100","2016M6",525.65975154
"Nigeria","Canned Meat","Composite Consumer Price Index","Index, Nov 2009 = 100","Index, Nov 2009 = 100","2016M7",603.47035491
"Nigeria","Canned Meat","Composite Consumer Price Index","Index, Nov 2009 = 100","Index, Nov 2009 = 100","2016M8",609.1831443
"Nigeria","Canned Meat","Composite Consumer Price Index","Index, Nov 2009 = 100","Index, Nov 2009 = 100","2016M9",606.06626881
"Nigeria","Canned Meat","Composite Consumer Price Index","Index, Nov 2009 = 100","Index, Nov 2009 = 100","2016M10",619.84403248
"Nigeria","Fish","Composite Consumer Price Index","Index, Nov 2009 = 100","Index, Nov 2009 = 100","2009M12",101.96
"Nigeria","Fish","Composite Consumer Price Index","Index, Nov 2009 = 100","Index, Nov 2009 = 100","2010M1",103.97
"Nigeria","Fish","Composite Consumer Price Index","Index, Nov 2009 = 100","Index, Nov 2009 = 100","2010M2",104.04
"Nigeria","Fish","Composite Consumer Price Index","Index, Nov 2009 = 100","Index, Nov 2009 = 100","2010M3",104.64
"Nigeria","Fish","Composite Consumer Price Index","Index, Nov 2009 = 100","Index, Nov 2009 = 100","2010M4",105.49
"Nigeria","Fish","Composite Consumer Price Index","Index, Nov 2009 = 100","Index, Nov 2009 = 100","2010M5",105.69
"Nigeria","Fish","Composite Consumer Price Index","Index, Nov 2009 = 100","Index, Nov 2009 = 100","2010M6",113.94
"Nigeria","Fish","Composite Consumer Price Index","Index, Nov 2009 = 100","Index, Nov 2009 = 100","2010M7",116
"Nigeria","Fish","Composite Consumer Price Index","Index, Nov 2009 = 100","Index, Nov 2009 = 100","2010M8",117.09
"Nigeria","Fish","Composite Consumer Price Index","Index, Nov 2009 = 100","Index, Nov 2009 = 100","2010M9",118.53
"Nigeria","Fish","Composite Consumer Price Index","Index, Nov 2009 = 100","Index, Nov 2009 = 100","2010M10",106.810529896743
"Nigeria","Fish","Composite Consumer Price Index","Index, Nov 2009 = 100","Index, Nov 2009 = 100","2010M11",111.447807949586
"Nigeria","Fish","Composite Consumer Price Index","Index, Nov 2009 = 100","Index, Nov 2009 = 100","2010M12",112.357885269324
"Nigeria","Fish","Composite Consumer Price Index","Index, Nov 2009 = 100","Index, Nov 2009 = 100","2011M1",111.435152401737
"Nigeria","Fish","Composite Consumer Price Index","Index, Nov 2009 = 100","Index, Nov 2009 = 100","2011M2",114.77943677793
"Nigeria","Fish","Composite Consumer Price Index","Index, Nov 2009 = 100","Index, Nov 2009 = 100","2011M3",116.001512212088
"Nigeria","Fish","Composite Consumer Price Index","Index, Nov 2009 = 100","Index, Nov 2009 = 100","2011M4",117.349356483201
"Nigeria","Fish","Composite Consumer Price Index","Index, Nov 2009 = 100","Index, Nov 2009 = 100","2011M5",117.607082685665
"Nigeria","Fish","Composite Consumer Price Index","Index, Nov 2009 = 100","Index, Nov 2009 = 100","2011M6",118.276595208095
"Nigeria","Fish","Composite Consumer Price Index","Index, Nov 2009 = 100","Index, Nov 2009 = 100","2011M7",119.026444432866
"Nigeria","Fish","Composite Consumer Price Index","Index, Nov 2009 = 100","Index, Nov 2009 = 100","2011M8",126.201574789213
"Nigeria","Fish","Composite Consumer Price Index","Index, Nov 2009 = 100","Index, Nov 2009 = 100","2011M9",126.647148686851
"Nigeria","Fish","Composite Consumer Price Index","Index, Nov 2009 = 100","Index, Nov 2009 = 100","2011M10",128.626776708613
"Nigeria","Fish","Composite Consumer Price Index","Index, Nov 2009 = 100","Index, Nov 2009 = 100","2011M11",128.812008630763
"Nigeria","Fish","Composite Consumer Price Index","Index, Nov 2009 = 100","Index, Nov 2009 = 100","2011M12",130.389108518783
"Nigeria","Fish","Composite Consumer Price Index","Index, Nov 2009 = 100","Index, Nov 2009 = 100","2012M1",132.512524679946
"Nigeria","Fish","Composite Consumer Price Index","Index, Nov 2009 = 100","Index, Nov 2009 = 100","2012M2",132.528981777118
"Nigeria","Fish","Composite Consumer Price Index","Index, Nov 2009 = 100","Index, Nov 2009 = 100","2012M3",147.100822154699
"Nigeria","Fish","Composite Consumer Price Index","Index, Nov 2009 = 100","Index, Nov 2009 = 100","2012M4",147.419410446804
"Nigeria","Fish","Composite Consumer Price Index","Index, Nov 2009 = 100","Index, Nov 2009 = 100","2012M5",148.34
"Nigeria","Fish","Composite Consumer Price Index","Index, Nov 2009 = 100","Index, Nov 2009 = 100","2012M6",149.76466349407
"Nigeria","Fish","Composite Consumer Price Index","Index, Nov 2009 = 100","Index, Nov 2009 = 100","2012M7",150.455921794278
"Nigeria","Fish","Composite Consumer Price Index","Index, Nov 2009 = 100","Index, Nov 2009 = 100","2012M8",152.156477291155
"Nigeria","Fish","Composite Consumer Price Index","Index, Nov 2009 = 100","Index, Nov 2009 = 100","2012M9",153.92
"Nigeria","Fish","Composite Consumer Price Index","Index, Nov 2009 = 100","Index, Nov 2009 = 100","2012M10",155.761387067041
"Nigeria","Fish","Composite Consumer Price Index","Index, Nov 2009 = 100","Index, Nov 2009 = 100","2012M11",156.862077444167
"Nigeria","Fish","Composite Consumer Price Index","Index, Nov 2009 = 100","Index, Nov 2009 = 100","2012M12",157.982109790114
"Nigeria","Fish","Composite Consumer Price Index","Index, Nov 2009 = 100","Index, Nov 2009 = 100","2013M1",159.229649327445
"Nigeria","Fish","Composite Consumer Price Index","Index, Nov 2009 = 100","Index, Nov 2009 = 100","2013M2",160.323495934128
"Nigeria","Fish","Composite Consumer Price Index","Index, Nov 2009 = 100","Index, Nov 2009 = 100","2013M3",161.246422552688
"Nigeria","Fish","Composite Consumer Price Index","Index, Nov 2009 = 100","Index, Nov 2009 = 100","2013M4",162.194111084682
"Nigeria","Fish","Composite Consumer Price Index","Index, Nov 2009 = 100","Index, Nov 2009 = 100","2013M5",163.208227652835
"Nigeria","Fish","Composite Consumer Price Index","Index, Nov 2009 = 100","Index, Nov 2009 = 100","2013M6",163.936155307522
"Nigeria","Fish","Composite Consumer Price Index","Index, Nov 2009 = 100","Index, Nov 2009 = 100","2013M7",164.814947669705
"Nigeria","Fish","Composite Consumer Price Index","Index, Nov 2009 = 100","Index, Nov 2009 = 100","2013M8",165.770156819021
"Nigeria","Fish","Composite Consumer Price Index","Index, Nov 2009 = 100","Index, Nov 2009 = 100","2013M9",167.03105656198
"Nigeria","Fish","Composite Consumer Price Index","Index, Nov 2009 = 100","Index, Nov 2009 = 100","2013M10",168.343351608124
"Nigeria","Fish","Composite Consumer Price Index","Index, Nov 2009 = 100","Index, Nov 2009 = 100","2013M11",169.673367980327
"Nigeria","Fish","Composite Consumer Price Index","Index, Nov 2009 = 100","Index, Nov 2009 = 100","2013M12",171.260209136128
"Nigeria","Fish","Composite Consumer Price Index","Index, Nov 2009 = 100","Index, Nov 2009 = 100","2014M1",173.448985563395
"Nigeria","Fish","Composite Consumer Price Index","Index, Nov 2009 = 100","Index, Nov 2009 = 100","2014M2",173.956292935083
"Nigeria","Fish","Composite Consumer Price Index","Index, Nov 2009 = 100","Index, Nov 2009 = 100","2014M3",175.828962589245
"Nigeria","Fish","Composite Consumer Price Index","Index, Nov 2009 = 100","Index, Nov 2009 = 100","2014M4",177.466657360036
"Nigeria","Fish","Composite Consumer Price Index","Index, Nov 2009 = 100","Index, Nov 2009 = 100","2014M5",178.693572396625
"Nigeria","Fish","Composite Consumer Price Index","Index, Nov 2009 = 100","Index, Nov 2009 = 100","2014M6",180.100061610133
"Nigeria","Fish","Composite Consumer Price Index","Index, Nov 2009 = 100","Index, Nov 2009 = 100","2014M7",181.688252172181
"Nigeria","Fish","Composite Consumer Price Index","Index, Nov 2009 = 100","Index, Nov 2009 = 100","2014M8",182.74861572915
"Nigeria","Fish","Composite Consumer Price Index","Index, Nov 2009 = 100","Index, Nov 2009 = 100","2014M9",183.692230711109
"Nigeria","Fish","Composite Consumer Price Index","Index, Nov 2009 = 100","Index, Nov 2009 = 100","2014M10",184.862074077462
"Nigeria","Fish","Composite Consumer Price Index","Index, Nov 2009 = 100","Index, Nov 2009 = 100","2014M11",186.234729482132
"Nigeria","Fish","Composite Consumer Price Index","Index, Nov 2009 = 100","Index, Nov 2009 = 100","2014M12",188.190859316821
"Nigeria","Fish","Composite Consumer Price Index","Index, Nov 2009 = 100","Index, Nov 2009 = 100","2015M1",189.688644175636
"Nigeria","Fish","Composite Consumer Price Index","Index, Nov 2009 = 100","Index, Nov 2009 = 100","2015M2",191.330501307608
"Nigeria","Fish","Composite Consumer Price Index","Index, Nov 2009 = 100","Index, Nov 2009 = 100","2015M3",193.530260274883
"Nigeria","Fish","Composite Consumer Price Index","Index, Nov 2009 = 100","Index, Nov 2009 = 100","2015M4",194.92297070685
"Nigeria","Fish","Composite Consumer Price Index","Index, Nov 2009 = 100","Index, Nov 2009 = 100","2015M5",197.449547913198
"Nigeria","Fish","Composite Consumer Price Index","Index, Nov 2009 = 100","Index, Nov 2009 = 100","2015M6",200.181586636525
"Nigeria","Fish","Composite Consumer Price Index","Index, Nov 2009 = 100","Index, Nov 2009 = 100","2015M7",201.824965511248
"Nigeria","Fish","Composite Consumer Price Index","Index, Nov 2009 = 100","Index, Nov 2009 = 100","2015M8",203.356344609643
"Nigeria","Fish","Composite Consumer Price Index","Index, Nov 2009 = 100","Index, Nov 2009 = 100","2015M9",205.116768016943
"Nigeria","Fish","Composite Consumer Price Index","Index, Nov 2009 = 100","Index, Nov 2009 = 100","2015M10",206.439524725202
"Nigeria","Fish","Composite Consumer Price Index","Index, Nov 2009 = 100","Index, Nov 2009 = 100","2015M11",207.989125363269
"Nigeria","Fish","Composite Consumer Price Index","Index, Nov 2009 = 100","Index, Nov 2009 = 100","2015M12",211.152052768783
"Nigeria","Fish","Composite Consumer Price Index","Index, Nov 2009 = 100","Index, Nov 2009 = 100","2016M1",213.134900959428
"Nigeria","Fish","Composite Consumer Price Index","Index, Nov 2009 = 100","Index, Nov 2009 = 100","2016M2",216.775519523296
"Nigeria","Fish","Composite Consumer Price Index","Index, Nov 2009 = 100","Index, Nov 2009 = 100","2016M3",222.492495645098
"Nigeria","Fish","Composite Consumer Price Index","Index, Nov 2009 = 100","Index, Nov 2009 = 100","2016M4",225.132714614242
"Nigeria","Fish","Composite Consumer Price Index","Index, Nov 2009 = 100","Index, Nov 2009 = 100","2016M5",230.445476023111
"Nigeria","Fish","Composite Consumer Price Index","Index, Nov 2009 = 100","Index, Nov 2009 = 100","2016M6",234.331740294034
"Nigeria","Fish","Composite Consumer Price Index","Index, Nov 2009 = 100","Index, Nov 2009 = 100","2016M7",237.904660555691
"Nigeria","Fish","Composite Consumer Price Index","Index, Nov 2009 = 100","Index, Nov 2009 = 100","2016M8",241.000042949101
"Nigeria","Fish","Composite Consumer Price Index","Index, Nov 2009 = 100","Index, Nov 2009 = 100","2016M9",242.638657567609
"Nigeria","Fish","Composite Consumer Price Index","Index, Nov 2009 = 100","Index, Nov 2009 = 100","2016M10",244.841383020302
"Nigeria","Meat","Composite Consumer Price Index","Index, Nov 2009 = 100","Index, Nov 2009 = 100","2009M12",100.75
"Nigeria","Meat","Composite Consumer Price Index","Index, Nov 2009 = 100","Index, Nov 2009 = 100","2010M1",102.89
"Nigeria","Meat","Composite Consumer Price Index","Index, Nov 2009 = 100","Index, Nov 2009 = 100","2010M2",103.83
"Nigeria","Meat","Composite Consumer Price Index","Index, Nov 2009 = 100","Index, Nov 2009 = 100","2010M3",104.55
"Nigeria","Meat","Composite Consumer Price Index","Index, Nov 2009 = 100","Index, Nov 2009 = 100","2010M4",104.8
"Nigeria","Meat","Composite Consumer Price Index","Index, Nov 2009 = 100","Index, Nov 2009 = 100","2010M5",106.01
"Nigeria","Meat","Composite Consumer Price Index","Index, Nov 2009 = 100","Index, Nov 2009 = 100","2010M6",108.88
"Nigeria","Meat","Composite Consumer Price Index","Index, Nov 2009 = 100","Index, Nov 2009 = 100","2010M7",108.05
"Nigeria","Meat","Composite Consumer Price Index","Index, Nov 2009 = 100","Index, Nov 2009 = 100","2010M8",110.35
"Nigeria","Meat","Composite Consumer Price Index","Index, Nov 2009 = 100","Index, Nov 2009 = 100","2010M9",105.1
"Nigeria","Meat","Composite Consumer Price Index","Index, Nov 2009 = 100","Index, Nov 2009 = 100","2010M10",110.955579720661
"Nigeria","Meat","Composite Consumer Price Index","Index, Nov 2009 = 100","Index, Nov 2009 = 100","2010M11",106.856069319615
"Nigeria","Meat","Composite Consumer Price Index","Index, Nov 2009 = 100","Index, Nov 2009 = 100","2010M12",110.083782396723
"Nigeria","Meat","Composite Consumer Price Index","Index, Nov 2009 = 100","Index, Nov 2009 = 100","2011M1",106.973012340338
"Nigeria","Meat","Composite Consumer Price Index","Index, Nov 2009 = 100","Index, Nov 2009 = 100","2011M2",109.047685063726
"Nigeria","Meat","Composite Consumer Price Index","Index, Nov 2009 = 100","Index, Nov 2009 = 100","2011M3",109.928636937097
"Nigeria","Meat","Composite Consumer Price Index","Index, Nov 2009 = 100","Index, Nov 2009 = 100","2011M4",110.738893768306
"Nigeria","Meat","Composite Consumer Price Index","Index, Nov 2009 = 100","Index, Nov 2009 = 100","2011M5",110.980057992834
"Nigeria","Meat","Composite Consumer Price Index","Index, Nov 2009 = 100","Index, Nov 2009 = 100","2011M6",111.506446184144
"Nigeria","Meat","Composite Consumer Price Index","Index, Nov 2009 = 100","Index, Nov 2009 = 100","2011M7",111.900678755919
"Nigeria","Meat","Composite Consumer Price Index","Index, Nov 2009 = 100","Index, Nov 2009 = 100","2011M8",113.727112528589
"Nigeria","Meat","Composite Consumer Price Index","Index, Nov 2009 = 100","Index, Nov 2009 = 100","2011M9",114.014313003778
"Nigeria","Meat","Composite Consumer Price Index","Index, Nov 2009 = 100","Index, Nov 2009 = 100","2011M10",114.330770833353
"Nigeria","Meat","Composite Consumer Price Index","Index, Nov 2009 = 100","Index, Nov 2009 = 100","2011M11",111.589941144938
"Nigeria","Meat","Composite Consumer Price Index","Index, Nov 2009 = 100","Index, Nov 2009 = 100","2011M12",119.850562967979
"Nigeria","Meat","Composite Consumer Price Index","Index, Nov 2009 = 100","Index, Nov 2009 = 100","2012M1",121.895679131365
"Nigeria","Meat","Composite Consumer Price Index","Index, Nov 2009 = 100","Index, Nov 2009 = 100","2012M2",121.911925989149
"Nigeria","Meat","Composite Consumer Price Index","Index, Nov 2009 = 100","Index, Nov 2009 = 100","2012M3",128.677169927388
"Nigeria","Meat","Composite Consumer Price Index","Index, Nov 2009 = 100","Index, Nov 2009 = 100","2012M4",128.839376837707
"Nigeria","Meat","Composite Consumer Price Index","Index, Nov 2009 = 100","Index, Nov 2009 = 100","2012M5",128.9
"Nigeria","Meat","Composite Consumer Price Index","Index, Nov 2009 = 100","Index, Nov 2009 = 100","2012M6",129.722339108087
"Nigeria","Meat","Composite Consumer Price Index","Index, Nov 2009 = 100","Index, Nov 2009 = 100","2012M7",130.309579468019
"Nigeria","Meat","Composite Consumer Price Index","Index, Nov 2009 = 100","Index, Nov 2009 = 100","2012M8",131.486332265683
"Nigeria","Meat","Composite Consumer Price Index","Index, Nov 2009 = 100","Index, Nov 2009 = 100","2012M9",132.88
"Nigeria","Meat","Composite Consumer Price Index","Index, Nov 2009 = 100","Index, Nov 2009 = 100","2012M10",134.83357007258
"Nigeria","Meat","Composite Consumer Price Index","Index, Nov 2009 = 100","Index, Nov 2009 = 100","2012M11",135.466070319369
"Nigeria","Meat","Composite Consumer Price Index","Index, Nov 2009 = 100","Index, Nov 2009 = 100","2012M12",136.714164421263
"Nigeria","Meat","Composite Consumer Price Index","Index, Nov 2009 = 100","Index, Nov 2009 = 100","2013M1",137.512392508954
"Nigeria","Meat","Composite Consumer Price Index","Index, Nov 2009 = 100","Index, Nov 2009 = 100","2013M2",138.203121126194
"Nigeria","Meat","Composite Consumer Price Index","Index, Nov 2009 = 100","Index, Nov 2009 = 100","2013M3",139.65831278961
"Nigeria","Meat","Composite Consumer Price Index","Index, Nov 2009 = 100","Index, Nov 2009 = 100","2013M4",140.590029617324
"Nigeria","Meat","Composite Consumer Price Index","Index, Nov 2009 = 100","Index, Nov 2009 = 100","2013M5",141.609130570052
"Nigeria","Meat","Composite Consumer Price Index","Index, Nov 2009 = 100","Index, Nov 2009 = 100","2013M6",142.557686864734
"Nigeria","Meat","Composite Consumer Price Index","Index, Nov 2009 = 100","Index, Nov 2009 = 100","2013M7",143.843096804106
"Nigeria","Meat","Composite Consumer Price Index","Index, Nov 2009 = 100","Index, Nov 2009 = 100","2013M8",144.574473849946
"Nigeria","Meat","Composite Consumer Price Index","Index, Nov 2009 = 100","Index, Nov 2009 = 100","2013M9",145.826761287591
"Nigeria","Meat","Composite Consumer Price Index","Index, Nov 2009 = 100","Index, Nov 2009 = 100","2013M10",146.962770419106
"Nigeria","Meat","Composite Consumer Price Index","Index, Nov 2009 = 100","Index, Nov 2009 = 100","2013M11",147.974353650236
"Nigeria","Meat","Composite Consumer Price Index","Index, Nov 2009 = 100","Index, Nov 2009 = 100","2013M12",149.335204605516
"Nigeria","Meat","Composite Consumer Price Index","Index, Nov 2009 = 100","Index, Nov 2009 = 100","2014M1",150.535172545307
"Nigeria","Meat","Composite Consumer Price Index","Index, Nov 2009 = 100","Index, Nov 2009 = 100","2014M2",151.292860920228
"Nigeria","Meat","Composite Consumer Price Index","Index, Nov 2009 = 100","Index, Nov 2009 = 100","2014M3",152.753931794701
"Nigeria","Meat","Composite Consumer Price Index","Index, Nov 2009 = 100","Index, Nov 2009 = 100","2014M4",154.054180398772
"Nigeria","Meat","Composite Consumer Price Index","Index, Nov 2009 = 100","Index, Nov 2009 = 100","2014M5",155.281278721244
"Nigeria","Meat","Composite Consumer Price Index","Index, Nov 2009 = 100","Index, Nov 2009 = 100","2014M6",156.543044183547
"Nigeria","Meat","Composite Consumer Price Index","Index, Nov 2009 = 100","Index, Nov 2009 = 100","2014M7",158.006453107227
"Nigeria","Meat","Composite Consumer Price Index","Index, Nov 2009 = 100","Index, Nov 2009 = 100","2014M8",159.051778247716
"Nigeria","Meat","Composite Consumer Price Index","Index, Nov 2009 = 100","Index, Nov 2009 = 100","2014M9",160.03125493244
"Nigeria","Meat","Composite Consumer Price Index","Index, Nov 2009 = 100","Index, Nov 2009 = 100","2014M10",160.808379882337
"Nigeria","Meat","Composite Consumer Price Index","Index, Nov 2009 = 100","Index, Nov 2009 = 100","2014M11",161.918981771199
"Nigeria","Meat","Composite Consumer Price Index","Index, Nov 2009 = 100","Index, Nov 2009 = 100","2014M12",163.487249182806
"Nigeria","Meat","Composite Consumer Price Index","Index, Nov 2009 = 100","Index, Nov 2009 = 100","2015M1",165.007339237713
"Nigeria","Meat","Composite Consumer Price Index","Index, Nov 2009 = 100","Index, Nov 2009 = 100","2015M2",166.347825649137
"Nigeria","Meat","Composite Consumer Price Index","Index, Nov 2009 = 100","Index, Nov 2009 = 100","2015M3",167.989009544556
"Nigeria","Meat","Composite Consumer Price Index","Index, Nov 2009 = 100","Index, Nov 2009 = 100","2015M4",169.379829996157
"Nigeria","Meat","Composite Consumer Price Index","Index, Nov 2009 = 100","Index, Nov 2009 = 100","2015M5",171.160961136528
"Nigeria","Meat","Composite Consumer Price Index","Index, Nov 2009 = 100","Index, Nov 2009 = 100","2015M6",172.617708609823
"Nigeria","Meat","Composite Consumer Price Index","Index, Nov 2009 = 100","Index, Nov 2009 = 100","2015M7",174.017236554162
"Nigeria","Meat","Composite Consumer Price Index","Index, Nov 2009 = 100","Index, Nov 2009 = 100","2015M8",175.264790354022
"Nigeria","Meat","Composite Consumer Price Index","Index, Nov 2009 = 100","Index, Nov 2009 = 100","2015M9",176.369581748635
"Nigeria","Meat","Composite Consumer Price Index","Index, Nov 2009 = 100","Index, Nov 2009 = 100","2015M10",177.40756197619
"Nigeria","Meat","Composite Consumer Price Index","Index, Nov 2009 = 100","Index, Nov 2009 = 100","2015M11",178.706953981542
"Nigeria","Meat","Composite Consumer Price Index","Index, Nov 2009 = 100","Index, Nov 2009 = 100","2015M12",180.550440201713
"Nigeria","Meat","Composite Consumer Price Index","Index, Nov 2009 = 100","Index, Nov 2009 = 100","2016M1",182.396244562137
"Nigeria","Meat","Composite Consumer Price Index","Index, Nov 2009 = 100","Index, Nov 2009 = 100","2016M2",185.151773922473
"Nigeria","Meat","Composite Consumer Price Index","Index, Nov 2009 = 100","Index, Nov 2009 = 100","2016M3",189.144500339646
"Nigeria","Meat","Composite Consumer Price Index","Index, Nov 2009 = 100","Index, Nov 2009 = 100","2016M4",191.637679715662
"Nigeria","Meat","Composite Consumer Price Index","Index, Nov 2009 = 100","Index, Nov 2009 = 100","2016M5",195.587981675937
"Nigeria","Meat","Composite Consumer Price Index","Index, Nov 2009 = 100","Index, Nov 2009 = 100","2016M6",198.843406025207
"Nigeria","Meat","Composite Consumer Price Index","Index, Nov 2009 = 100","Index, Nov 2009 = 100","2016M7",201.411422305872
"Nigeria","Meat","Composite Consumer Price Index","Index, Nov 2009 = 100","Index, Nov 2009 = 100","2016M8",204.12191419832
"Nigeria","Meat","Composite Consumer Price Index","Index, Nov 2009 = 100","Index, Nov 2009 = 100","2016M9",206.225856793536
"Nigeria","Meat","Composite Consumer Price Index","Index, Nov 2009 = 100","Index, Nov 2009 = 100","2016M10",208.792404149773
